{"match_id": "2701936", "home_team": "Tokyo Verdy", "away_team": "Avispa Fukuoka", "final_score": null, "match_date": "2025-11-08", "match_time": "13:00", "match_datetime": "2025-11-08 13:00", "recent_indirect_full": {"last_home": {"home": "Tokyo Verdy", "away": "Albirex Niigata", "score": "1 : 0", "ah": "0.25", "ou": "-", "stats_rows": [{"label": "Tiros", "home": "<span style=\"color: red;\">7</span>", "away": "<span style=\"color: green; font-weight: bold;\">16</span>"}, {"label": "Tiros a Puerta", "home": "<span style=\"color: green; font-weight: bold;\">4</span>", "away": "<span style=\"color: red;\">2</span>"}, {"label": "Ataques", "home": "<span style=\"color: red;\">94</span>", "away": "<span style=\"color: green; font-weight: bold;\">130</span>"}, {"label": "Ataques Peligrosos", "home": "<span style=\"color: red;\">33</span>", "away": "<span style=\"color: green; font-weight: bold;\">69</span>"}, {"label": "Red Cards", "home": "", "away": ""}], "date": "18-10-2025", "cover_status": "CUBIERTO"}, "last_away": {"home": "Machida Zelvia", "away": "Avispa Fukuoka", "score": "0 : 0", "ah": "0.75", "ou": "-", "stats_rows": [{"label": "Tiros", "home": "<span style=\"color: green; font-weight: bold;\">9</span>", "away": "<span style=\"color: red;\">7</span>"}, {"label": "Tiros a Puerta", "home": "<span style=\"color: green; font-weight: bold;\">3</span>", "away": "<span style=\"color: red;\">0</span>"}, {"label": "Ataques", "home": "<span style=\"color: green; font-weight: bold;\">116</span>", "away": "<span style=\"color: red;\">89</span>"}, {"label": "Ataques Peligrosos", "home": "<span style=\"color: red;\">42</span>", "away": "<span style=\"color: green; font-weight: bold;\">47</span>"}, {"label": "Red Cards", "home": "", "away": ""}], "date": "18-10-2025", "cover_status": "PUSH"}, "h2h_col3": {"home": "Albirex Niigata", "away": "Machida Zelvia", "score": "0 : 4", "ah": "-", "ou": "-", "stats_rows": [{"label": "Tiros", "home": "<span style=\"color: red;\">20</span>", "away": "<span style=\"color: green; font-weight: bold;\">24</span>"}, {"label": "Tiros a Puerta", "home": "<span style=\"color: red;\">1</span>", "away": "<span style=\"color: green; font-weight: bold;\">8</span>"}, {"label": "Ataques", "home": "88", "away": "88"}, {"label": "Ataques Peligrosos", "home": "<span style=\"color: red;\">52</span>", "away": "<span style=\"color: green; font-weight: bold;\">60</span>"}, {"label": "Red Cards", "home": "", "away": ""}], "date": "", "cover_status": "CUBIERTO", "analysis": null}, "h2h_general": {"home": "Avispa Fukuoka", "away": "Tokyo Verdy", "score": "0 : 0", "ah": "0.25", "ou": "-", "stats_rows": [{"label": "Tiros", "home": "<span style=\"color: red;\">10</span>", "away": "<span style=\"color: green; font-weight: bold;\">14</span>"}, {"label": "Tiros a Puerta", "home": "<span style=\"color: green; font-weight: bold;\">4</span>", "away": "<span style=\"color: red;\">0</span>"}, {"label": "Ataques", "home": "<span style=\"color: green; font-weight: bold;\">118</span>", "away": "<span style=\"color: red;\">94</span>"}, {"label": "Ataques Peligrosos", "home": "<span style=\"color: red;\">29</span>", "away": "<span style=\"color: green; font-weight: bold;\">53</span>"}, {"label": "Red Cards", "home": "", "away": ""}], "date": null, "cover_status": "PUSH"}}, "comparativas_indirectas": {"left": {"title_home_name": "Tokyo Verdy", "title_away_name": "Avispa Fukuoka", "home_team": "Tokyo Verdy", "away_team": "Machida Zelvia", "score": "0 : 1", "ah": "-0.5", "ou": "-", "localia": "H", "stats_rows": [{"label": "Tiros", "home": "<span style=\"color: green; font-weight: bold;\">17</span>", "away": "<span style=\"color: red;\">6</span>"}, {"label": "Tiros a Puerta", "home": "<span style=\"color: green; font-weight: bold;\">4</span>", "away": "<span style=\"color: red;\">2</span>"}, {"label": "Ataques", "home": "<span style=\"color: green; font-weight: bold;\">113</span>", "away": "<span style=\"color: red;\">97</span>"}, {"label": "Ataques Peligrosos", "home": "<span style=\"color: green; font-weight: bold;\">61</span>", "away": "<span style=\"color: red;\">32</span>"}, {"label": "Red Cards", "home": "", "away": ""}], "cover_status": "NO CUBIERTO", "analysis": "Contra este rival, Tokyo Verdy no habría cubierto el handicap"}, "right": {"title_home_name": "Tokyo Verdy", "title_away_name": "Avispa Fukuoka", "home_team": "Avispa Fukuoka", "away_team": "Albirex Niigata", "score": "3 : 2", "ah": "0.25", "ou": "-", "localia": "H", "stats_rows": [{"label": "Tiros", "home": "<span style=\"color: red;\">8</span>", "away": "<span style=\"color: green; font-weight: bold;\">10</span>"}, {"label": "Tiros a Puerta", "home": "<span style=\"color: green; font-weight: bold;\">4</span>", "away": "<span style=\"color: red;\">2</span>"}, {"label": "Ataques", "home": "<span style=\"color: red;\">73</span>", "away": "<span style=\"color: green; font-weight: bold;\">91</span>"}, {"label": "Ataques Peligrosos", "home": "<span style=\"color: red;\">36</span>", "away": "<span style=\"color: green; font-weight: bold;\">41</span>"}, {"label": "Red Cards", "home": "", "away": ""}], "cover_status": "NO CUBIERTO", "analysis": "Contra este rival, Avispa Fukuoka no habría cubierto el handicap"}}, "simplified_html": "<div class=\"card\"><div class=\"card-body\"><h6 class=\"card-title\">📊 Análisis Mercado vs. H2H</h6>\n            <div class=\"mb-2\">\n                <strong>Precedente (este estadio):</strong>\n                <div>Resultado: <span class=\"score-value\">0:0</span></div>\n                <div>Mov. Línea: <span class=\"ah-value\">0 -> 0</span></div>\n                <div>Cobertura AH: <span style='color: #6c757d; font-weight: bold;'>PUSH</span></div>\n            </div>\n        <hr>\n                <div class=\"mt-2\">\n                    <strong>Precedente (H2H mǭs reciente):</strong>\n                    <div>Resultado: <span class=\"score-value\">0:0</span></div>\n                    <div>Mov. Lnea: <span class=\"ah-value\">0.25 -> 0</span></div>\n                    <div>Cobertura AH: <span style='color: #6c757d; font-weight: bold;'>PUSH</span></div>\n                </div>\n            </div></div>"}