{"match_id": "2702677", "home_team": "Zweigen Kanazawa FC", "away_team": "Azul Claro Numazu", "final_score": null, "match_date": "2025-10-12", "match_time": "13:00", "match_datetime": "2025-10-12 13:00", "recent_indirect_full": {"last_home": {"home": "Zweigen Kanazawa FC", "away": "Kamatamare Sanuki", "score": "2 : 1", "ah": "0.5", "ou": "-", "stats_rows": [{"label": "Tiros", "home": "<span style=\"color: green; font-weight: bold;\">11</span>", "away": "<span style=\"color: red;\">9</span>"}, {"label": "Tiros a Puerta", "home": "<span style=\"color: red;\">4</span>", "away": "<span style=\"color: green; font-weight: bold;\">5</span>"}, {"label": "Ataques", "home": "<span style=\"color: green; font-weight: bold;\">63</span>", "away": "<span style=\"color: red;\">44</span>"}, {"label": "Ataques Peligrosos", "home": "<span style=\"color: green; font-weight: bold;\">66</span>", "away": "<span style=\"color: red;\">42</span>"}, {"label": "Red Cards", "home": "", "away": ""}], "date": "27-09-2025", "cover_status": "CUBIERTO"}, "last_away": {"home": "Kochi United", "away": "Azul Claro Numazu", "score": "0 : 1", "ah": "0.25", "ou": "-", "stats_rows": [{"label": "Tiros", "home": "<span style=\"color: green; font-weight: bold;\">7</span>", "away": "<span style=\"color: red;\">6</span>"}, {"label": "Tiros a Puerta", "home": "5", "away": "5"}, {"label": "Ataques", "home": "<span style=\"color: green; font-weight: bold;\">82</span>", "away": "<span style=\"color: red;\">66</span>"}, {"label": "Ataques Peligrosos", "home": "<span style=\"color: green; font-weight: bold;\">62</span>", "away": "<span style=\"color: red;\">32</span>"}, {"label": "Red Cards", "home": "", "away": ""}], "date": "05-10-2025", "cover_status": "indeterminado"}, "h2h_col3": {"home": "Kamatamare Sanuki", "away": "Kochi United", "score": "1 : 2", "ah": "-", "ou": "-", "stats_rows": [{"label": "Tiros", "home": "<span style=\"color: red;\">10</span>", "away": "<span style=\"color: green; font-weight: bold;\">13</span>"}, {"label": "Tiros a Puerta", "home": "<span style=\"color: red;\">3</span>", "away": "<span style=\"color: green; font-weight: bold;\">5</span>"}, {"label": "Ataques", "home": "<span style=\"color: red;\">78</span>", "away": "<span style=\"color: green; font-weight: bold;\">92</span>"}, {"label": "Ataques Peligrosos", "home": "<span style=\"color: green; font-weight: bold;\">45</span>", "away": "<span style=\"color: red;\">44</span>"}, {"label": "Red Cards", "home": "<span style=\"color: green; font-weight: bold;\">1</span>", "away": "<span style=\"color: red;\">0</span>"}], "date": "", "cover_status": "indeterminado", "analysis": null}, "h2h_general": {"home": "Azul Claro Numazu", "away": "Zweigen Kanazawa FC", "score": "3 : 1", "ah": "0", "ou": "-", "stats_rows": [{"label": "Tiros", "home": "9", "away": "9"}, {"label": "Tiros a Puerta", "home": "<span style=\"color: green; font-weight: bold;\">6</span>", "away": "<span style=\"color: red;\">2</span>"}, {"label": "Ataques", "home": "<span style=\"color: red;\">38</span>", "away": "<span style=\"color: green; font-weight: bold;\">41</span>"}, {"label": "Ataques Peligrosos", "home": "<span style=\"color: red;\">27</span>", "away": "<span style=\"color: green; font-weight: bold;\">42</span>"}, {"label": "Red Cards", "home": "", "away": ""}], "date": null, "cover_status": "NO CUBIERTO"}}, "comparativas_indirectas": {"left": {"title_home_name": "Zweigen Kanazawa FC", "title_away_name": "Azul Claro Numazu", "home_team": "Kochi United", "away_team": "Zweigen Kanazawa FC", "score": "1 : 1", "ah": "0", "ou": "-", "localia": "A", "stats_rows": [{"label": "Tiros", "home": "<span style=\"color: red;\">2</span>", "away": "<span style=\"color: green; font-weight: bold;\">5</span>"}, {"label": "Tiros a Puerta", "home": "1", "away": "1"}, {"label": "Ataques", "home": "<span style=\"color: red;\">87</span>", "away": "<span style=\"color: green; font-weight: bold;\">105</span>"}, {"label": "Ataques Peligrosos", "home": "<span style=\"color: red;\">58</span>", "away": "<span style=\"color: green; font-weight: bold;\">62</span>"}, {"label": "Red Cards", "home": "", "away": ""}], "cover_status": "NO CUBIERTO", "analysis": "Contra este rival, Zweigen Kanazawa FC no habría cubierto el handicap"}, "right": null}, "simplified_html": "<div class=\"card\"><div class=\"card-body\"><h6 class=\"card-title\">📊 Análisis Mercado vs. H2H</h6>\n            <div class=\"mb-2\">\n                <strong>Precedente (este estadio):</strong>\n                <div>Resultado: <span class=\"score-value\">0:1</span></div>\n                <div>Mov. Línea: <span class=\"ah-value\">0.25 -> 0.75</span></div>\n                <div>Cobertura AH: <span style='color: red; font-weight: bold;'>NO CUBIERTO</span></div>\n            </div>\n        <hr>\n                <div class=\"mt-2\">\n                    <strong>Precedente (H2H mǭs reciente):</strong>\n                    <div>Resultado: <span class=\"score-value\">3:1</span></div>\n                    <div>Mov. Lnea: <span class=\"ah-value\">0 -> 0.75</span></div>\n                    <div>Cobertura AH: <span style='color: red; font-weight: bold;'>NO CUBIERTO</span></div>\n                </div>\n            </div></div>"}