{"match_id": "2702678", "home_team": "Kochi United", "away_team": "FC Gifu", "final_score": null, "match_date": "2025-10-12", "match_time": "13:00", "match_datetime": "2025-10-12 13:00", "recent_indirect_full": {"last_home": {"home": "Kochi United", "away": "Azul Claro Numazu", "score": "0 : 1", "ah": "0.25", "ou": "-", "stats_rows": [{"label": "Tiros", "home": "<span style=\"color: green; font-weight: bold;\">7</span>", "away": "<span style=\"color: red;\">6</span>"}, {"label": "Tiros a Puerta", "home": "5", "away": "5"}, {"label": "Ataques", "home": "<span style=\"color: green; font-weight: bold;\">82</span>", "away": "<span style=\"color: red;\">66</span>"}, {"label": "Ataques Peligrosos", "home": "<span style=\"color: green; font-weight: bold;\">62</span>", "away": "<span style=\"color: red;\">32</span>"}, {"label": "Red Cards", "home": "", "away": ""}], "date": "05-10-2025", "cover_status": "NO CUBIERTO"}, "last_away": {"home": "Azul Claro Numazu", "away": "FC Gifu", "score": "1 : 2", "ah": "-0.5", "ou": "-", "stats_rows": [{"label": "Tiros", "home": "<span style=\"color: green; font-weight: bold;\">13</span>", "away": "<span style=\"color: red;\">6</span>"}, {"label": "Tiros a Puerta", "home": "<span style=\"color: green; font-weight: bold;\">9</span>", "away": "<span style=\"color: red;\">2</span>"}, {"label": "Ataques", "home": "<span style=\"color: green; font-weight: bold;\">106</span>", "away": "<span style=\"color: red;\">93</span>"}, {"label": "Ataques Peligrosos", "home": "<span style=\"color: red;\">68</span>", "away": "<span style=\"color: green; font-weight: bold;\">76</span>"}, {"label": "Red Cards", "home": "", "away": ""}], "date": "27-09-2025", "cover_status": "CUBIERTO"}, "h2h_col3": null, "h2h_general": {"home": "FC Gifu", "away": "Kochi United", "score": "1 : 1", "ah": "0.25", "ou": "-", "stats_rows": [{"label": "Tiros", "home": "<span style=\"color: red;\">8</span>", "away": "<span style=\"color: green; font-weight: bold;\">9</span>"}, {"label": "Tiros a Puerta", "home": "<span style=\"color: green; font-weight: bold;\">3</span>", "away": "<span style=\"color: red;\">2</span>"}, {"label": "Ataques", "home": "<span style=\"color: green; font-weight: bold;\">116</span>", "away": "<span style=\"color: red;\">79</span>"}, {"label": "Ataques Peligrosos", "home": "<span style=\"color: green; font-weight: bold;\">60</span>", "away": "<span style=\"color: red;\">57</span>"}, {"label": "Red Cards", "home": "", "away": ""}], "date": null, "cover_status": "PUSH"}}, "comparativas_indirectas": {"left": {"title_home_name": "Kochi United", "title_away_name": "FC Gifu", "home_team": "Kochi United", "away_team": "Azul Claro Numazu", "score": "0 : 1", "ah": "0.25", "ou": "-", "localia": "H", "stats_rows": [{"label": "Tiros", "home": "<span style=\"color: green; font-weight: bold;\">7</span>", "away": "<span style=\"color: red;\">6</span>"}, {"label": "Tiros a Puerta", "home": "5", "away": "5"}, {"label": "Ataques", "home": "<span style=\"color: green; font-weight: bold;\">82</span>", "away": "<span style=\"color: red;\">66</span>"}, {"label": "Ataques Peligrosos", "home": "<span style=\"color: green; font-weight: bold;\">62</span>", "away": "<span style=\"color: red;\">32</span>"}, {"label": "Red Cards", "home": "", "away": ""}], "cover_status": "NO CUBIERTO", "analysis": "Contra este rival, Kochi United no habría cubierto el handicap"}, "right": {"title_home_name": "Kochi United", "title_away_name": "FC Gifu", "home_team": "Azul Claro Numazu", "away_team": "FC Gifu", "score": "1 : 2", "ah": "-0.5", "ou": "-", "localia": "A", "stats_rows": [{"label": "Tiros", "home": "<span style=\"color: green; font-weight: bold;\">13</span>", "away": "<span style=\"color: red;\">6</span>"}, {"label": "Tiros a Puerta", "home": "<span style=\"color: green; font-weight: bold;\">9</span>", "away": "<span style=\"color: red;\">2</span>"}, {"label": "Ataques", "home": "<span style=\"color: green; font-weight: bold;\">106</span>", "away": "<span style=\"color: red;\">93</span>"}, {"label": "Ataques Peligrosos", "home": "<span style=\"color: red;\">68</span>", "away": "<span style=\"color: green; font-weight: bold;\">76</span>"}, {"label": "Red Cards", "home": "", "away": ""}], "cover_status": "CUBIERTO", "analysis": "Contra este rival, FC Gifu habría cubierto el handicap"}}, "simplified_html": "<div class=\"card\"><div class=\"card-body\"><h6 class=\"card-title\">📊 Análisis Mercado vs. H2H</h6><p>No hay precedente H2H en este estadio.</p>\n                <div class=\"mt-2\">\n                    <strong>Precedente (H2H mǭs reciente):</strong>\n                    <div>Resultado: <span class=\"score-value\">1:1</span></div>\n                    <div>Mov. Lnea: <span class=\"ah-value\">0.25 -> 0</span></div>\n                    <div>Cobertura AH: <span style='color: #6c757d; font-weight: bold;'>PUSH</span></div>\n                </div>\n            </div></div>"}