{"match_id": "2713652", "home_team": "New Mexico United", "away_team": "Orange County Blues FC", "final_score": null, "match_date": "2025-10-12", "match_time": "09:00", "match_datetime": "2025-10-12 09:00", "recent_indirect_full": {"last_home": {"home": "New Mexico United", "away": "Lexington", "score": "2 : 1", "ah": "-", "ou": "-", "stats_rows": [{"label": "Tiros", "home": "<span style=\"color: red;\">4</span>", "away": "<span style=\"color: green; font-weight: bold;\">8</span>"}, {"label": "Tiros a Puerta", "home": "<span style=\"color: red;\">2</span>", "away": "<span style=\"color: green; font-weight: bold;\">3</span>"}, {"label": "Ataques", "home": "<span style=\"color: green; font-weight: bold;\">88</span>", "away": "<span style=\"color: red;\">72</span>"}, {"label": "Ataques Peligrosos", "home": "<span style=\"color: green; font-weight: bold;\">66</span>", "away": "<span style=\"color: red;\">50</span>"}, {"label": "Red Cards", "home": "<span style=\"color: red;\">0</span>", "away": "<span style=\"color: green; font-weight: bold;\">1</span>"}], "date": "", "cover_status": "NEUTRO"}, "last_away": {"home": "Sacramento Republic FC", "away": "Orange County Blues FC", "score": "2 : 1", "ah": "-", "ou": "-", "stats_rows": [{"label": "Tiros", "home": "<span style=\"color: green; font-weight: bold;\">14</span>", "away": "<span style=\"color: red;\">13</span>"}, {"label": "Tiros a Puerta", "home": "<span style=\"color: green; font-weight: bold;\">7</span>", "away": "<span style=\"color: red;\">2</span>"}, {"label": "Ataques", "home": "<span style=\"color: red;\">81</span>", "away": "<span style=\"color: green; font-weight: bold;\">125</span>"}, {"label": "Ataques Peligrosos", "home": "<span style=\"color: red;\">39</span>", "away": "<span style=\"color: green; font-weight: bold;\">45</span>"}, {"label": "Red Cards", "home": "", "away": ""}], "date": "", "cover_status": "NEUTRO"}, "h2h_col3": {"home": "Sacramento Republic FC", "away": "Lexington", "score": "0 : 0", "ah": "-", "ou": "-", "stats_rows": [{"label": "Tiros", "home": "<span style=\"color: green; font-weight: bold;\">21</span>", "away": "<span style=\"color: red;\">8</span>"}, {"label": "Tiros a Puerta", "home": "<span style=\"color: green; font-weight: bold;\">5</span>", "away": "<span style=\"color: red;\">2</span>"}, {"label": "Ataques", "home": "<span style=\"color: green; font-weight: bold;\">90</span>", "away": "<span style=\"color: red;\">68</span>"}, {"label": "Ataques Peligrosos", "home": "<span style=\"color: green; font-weight: bold;\">63</span>", "away": "<span style=\"color: red;\">31</span>"}, {"label": "Red Cards", "home": "<span style=\"color: red;\">0</span>", "away": "<span style=\"color: green; font-weight: bold;\">1</span>"}], "date": "", "cover_status": "NEUTRO", "analysis": null}, "h2h_general": {"home": "Orange County Blues FC", "away": "New Mexico United", "score": "0 : 3", "ah": "-", "ou": "-", "stats_rows": [{"label": "Tiros", "home": "<span style=\"color: red;\">12</span>", "away": "<span style=\"color: green; font-weight: bold;\">14</span>"}, {"label": "Tiros a Puerta", "home": "<span style=\"color: red;\">5</span>", "away": "<span style=\"color: green; font-weight: bold;\">7</span>"}, {"label": "Ataques", "home": "<span style=\"color: green; font-weight: bold;\">110</span>", "away": "<span style=\"color: red;\">95</span>"}, {"label": "Ataques Peligrosos", "home": "<span style=\"color: green; font-weight: bold;\">60</span>", "away": "<span style=\"color: red;\">39</span>"}, {"label": "Red Cards", "home": "", "away": ""}], "date": null, "cover_status": "NEUTRO"}}, "comparativas_indirectas": {"left": {"title_home_name": "New Mexico United", "title_away_name": "Orange County Blues FC", "home_team": "New Mexico United", "away_team": "Sacramento Republic FC", "score": "0 : 2", "ah": "-", "ou": "-", "localia": "H", "stats_rows": [{"label": "Tiros", "home": "<span style=\"color: red;\">7</span>", "away": "<span style=\"color: green; font-weight: bold;\">9</span>"}, {"label": "Tiros a Puerta", "home": "<span style=\"color: red;\">1</span>", "away": "<span style=\"color: green; font-weight: bold;\">6</span>"}, {"label": "Ataques", "home": "118", "away": "118"}, {"label": "Ataques Peligrosos", "home": "<span style=\"color: red;\">62</span>", "away": "<span style=\"color: green; font-weight: bold;\">73</span>"}, {"label": "Red Cards", "home": "", "away": ""}], "cover_status": "NEUTRO", "analysis": "Contra este rival, el resultado para New Mexico United sería indeterminado"}, "right": {"title_home_name": "New Mexico United", "title_away_name": "Orange County Blues FC", "home_team": "Lexington", "away_team": "Orange County Blues FC", "score": "1 : 1", "ah": "-", "ou": "-", "localia": "A", "stats_rows": [{"label": "Tiros", "home": "<span style=\"color: green; font-weight: bold;\">19</span>", "away": "<span style=\"color: red;\">4</span>"}, {"label": "Tiros a Puerta", "home": "<span style=\"color: green; font-weight: bold;\">4</span>", "away": "<span style=\"color: red;\">1</span>"}, {"label": "Ataques", "home": "<span style=\"color: green; font-weight: bold;\">114</span>", "away": "<span style=\"color: red;\">78</span>"}, {"label": "Ataques Peligrosos", "home": "<span style=\"color: green; font-weight: bold;\">86</span>", "away": "<span style=\"color: red;\">24</span>"}, {"label": "Red Cards", "home": "", "away": ""}], "cover_status": "NEUTRO", "analysis": "Contra este rival, el resultado para Orange County Blues FC sería indeterminado"}}, "simplified_html": ""}