{"match_id": "2719988", "home_team": "Jeonnam Dragons", "away_team": "Ansan Greeners FC", "final_score": null, "match_date": "2025-10-12", "match_time": "13:00", "match_datetime": "2025-10-12 13:00", "recent_indirect_full": {"last_home": {"home": "Jeonnam Dragons", "away": "Cheonan City", "score": "4 : 1", "ah": "-", "ou": "-", "stats_rows": [{"label": "Tiros", "home": "<span style=\"color: green; font-weight: bold;\">19</span>", "away": "<span style=\"color: red;\">7</span>"}, {"label": "Tiros a Puerta", "home": "<span style=\"color: green; font-weight: bold;\">9</span>", "away": "<span style=\"color: red;\">4</span>"}, {"label": "Ataques", "home": "<span style=\"color: green; font-weight: bold;\">129</span>", "away": "<span style=\"color: red;\">90</span>"}, {"label": "Ataques Peligrosos", "home": "<span style=\"color: green; font-weight: bold;\">84</span>", "away": "<span style=\"color: red;\">64</span>"}, {"label": "Red Cards", "home": "<span style=\"color: red;\">0</span>", "away": "<span style=\"color: green; font-weight: bold;\">1</span>"}], "date": "", "cover_status": "NEUTRO"}, "last_away": {"home": "Gimpo FC", "away": "Ansan Greeners FC", "score": "1 : 1", "ah": "-", "ou": "-", "stats_rows": [{"label": "Tiros", "home": "<span style=\"color: red;\">7</span>", "away": "<span style=\"color: green; font-weight: bold;\">8</span>"}, {"label": "Tiros a Puerta", "home": "5", "away": "5"}, {"label": "Ataques", "home": "<span style=\"color: red;\">79</span>", "away": "<span style=\"color: green; font-weight: bold;\">118</span>"}, {"label": "Ataques Peligrosos", "home": "<span style=\"color: red;\">28</span>", "away": "<span style=\"color: green; font-weight: bold;\">43</span>"}, {"label": "Red Cards", "home": "", "away": ""}], "date": "", "cover_status": "NEUTRO"}, "h2h_col3": {"home": "Gimpo FC", "away": "Cheonan City", "score": "1 : 3", "ah": "-", "ou": "-", "stats_rows": [{"label": "Tiros", "home": "<span style=\"color: red;\">8</span>", "away": "<span style=\"color: green; font-weight: bold;\">15</span>"}, {"label": "Tiros a Puerta", "home": "<span style=\"color: red;\">4</span>", "away": "<span style=\"color: green; font-weight: bold;\">14</span>"}, {"label": "Ataques", "home": "<span style=\"color: green; font-weight: bold;\">99</span>", "away": "<span style=\"color: red;\">64</span>"}, {"label": "Ataques Peligrosos", "home": "<span style=\"color: green; font-weight: bold;\">44</span>", "away": "<span style=\"color: red;\">25</span>"}, {"label": "Red Cards", "home": "", "away": ""}], "date": "", "cover_status": "NEUTRO", "analysis": null}, "h2h_general": {"home": "Jeonnam Dragons", "away": "Ansan Greeners FC", "score": "2 : 0", "ah": "-", "ou": "-", "stats_rows": [{"label": "Tiros", "home": "<span style=\"color: green; font-weight: bold;\">9</span>", "away": "<span style=\"color: red;\">8</span>"}, {"label": "Tiros a Puerta", "home": "<span style=\"color: green; font-weight: bold;\">2</span>", "away": "<span style=\"color: red;\">0</span>"}, {"label": "Ataques", "home": "<span style=\"color: red;\">106</span>", "away": "<span style=\"color: green; font-weight: bold;\">111</span>"}, {"label": "Ataques Peligrosos", "home": "<span style=\"color: green; font-weight: bold;\">75</span>", "away": "<span style=\"color: red;\">67</span>"}, {"label": "Red Cards", "home": "", "away": ""}], "date": null, "cover_status": "NEUTRO"}}, "comparativas_indirectas": {"left": {"title_home_name": "Jeonnam Dragons", "title_away_name": "Ansan Greeners FC", "home_team": "Gimpo FC", "away_team": "Jeonnam Dragons", "score": "2 : 0", "ah": "-", "ou": "-", "localia": "A", "stats_rows": [{"label": "Tiros", "home": "<span style=\"color: green; font-weight: bold;\">14</span>", "away": "<span style=\"color: red;\">5</span>"}, {"label": "Tiros a Puerta", "home": "<span style=\"color: green; font-weight: bold;\">6</span>", "away": "<span style=\"color: red;\">0</span>"}, {"label": "Ataques", "home": "<span style=\"color: green; font-weight: bold;\">93</span>", "away": "<span style=\"color: red;\">89</span>"}, {"label": "Ataques Peligrosos", "home": "<span style=\"color: red;\">45</span>", "away": "<span style=\"color: green; font-weight: bold;\">65</span>"}, {"label": "Red Cards", "home": "", "away": ""}], "cover_status": "NEUTRO", "analysis": "Contra este rival, el resultado para Jeonnam Dragons sería indeterminado"}, "right": {"title_home_name": "Jeonnam Dragons", "title_away_name": "Ansan Greeners FC", "home_team": "Ansan Greeners FC", "away_team": "Cheonan City", "score": "0 : 0", "ah": "-", "ou": "-", "localia": "H", "stats_rows": [{"label": "Tiros", "home": "<span style=\"color: red;\">3</span>", "away": "<span style=\"color: green; font-weight: bold;\">8</span>"}, {"label": "Tiros a Puerta", "home": "<span style=\"color: red;\">1</span>", "away": "<span style=\"color: green; font-weight: bold;\">3</span>"}, {"label": "Ataques", "home": "<span style=\"color: green; font-weight: bold;\">95</span>", "away": "<span style=\"color: red;\">94</span>"}, {"label": "Ataques Peligrosos", "home": "<span style=\"color: green; font-weight: bold;\">42</span>", "away": "<span style=\"color: red;\">41</span>"}, {"label": "Red Cards", "home": "", "away": ""}], "cover_status": "NEUTRO", "analysis": "Contra este rival, el resultado para Ansan Greeners FC sería indeterminado"}}, "simplified_html": ""}