{"match_id": "2719989", "home_team": "Suwon Samsung Bluewings", "away_team": "Cheonan City", "final_score": null, "match_date": "2025-10-12", "match_time": "13:00", "match_datetime": "2025-10-12 13:00", "recent_indirect_full": {"last_home": {"home": "Suwon Samsung Bluewings", "away": "Bucheon FC 1995", "score": "2 : 2", "ah": "-", "ou": "-", "stats_rows": [{"label": "Tiros", "home": "<span style=\"color: green; font-weight: bold;\">15</span>", "away": "<span style=\"color: red;\">11</span>"}, {"label": "Tiros a Puerta", "home": "5", "away": "5"}, {"label": "Ataques", "home": "<span style=\"color: green; font-weight: bold;\">78</span>", "away": "<span style=\"color: red;\">63</span>"}, {"label": "Ataques Peligrosos", "home": "<span style=\"color: green; font-weight: bold;\">73</span>", "away": "<span style=\"color: red;\">40</span>"}, {"label": "Red Cards", "home": "<span style=\"color: green; font-weight: bold;\">1</span>", "away": "<span style=\"color: red;\">0</span>"}], "date": "", "cover_status": "NEUTRO"}, "last_away": {"home": "Jeonnam Dragons", "away": "Cheonan City", "score": "4 : 1", "ah": "-", "ou": "-", "stats_rows": [{"label": "Tiros", "home": "<span style=\"color: green; font-weight: bold;\">19</span>", "away": "<span style=\"color: red;\">7</span>"}, {"label": "Tiros a Puerta", "home": "<span style=\"color: green; font-weight: bold;\">9</span>", "away": "<span style=\"color: red;\">4</span>"}, {"label": "Ataques", "home": "<span style=\"color: green; font-weight: bold;\">129</span>", "away": "<span style=\"color: red;\">90</span>"}, {"label": "Ataques Peligrosos", "home": "<span style=\"color: green; font-weight: bold;\">84</span>", "away": "<span style=\"color: red;\">64</span>"}, {"label": "Red Cards", "home": "<span style=\"color: red;\">0</span>", "away": "<span style=\"color: green; font-weight: bold;\">1</span>"}], "date": "", "cover_status": "NEUTRO"}, "h2h_col3": {"home": "Jeonnam Dragons", "away": "Bucheon FC 1995", "score": "3 : 2", "ah": "-", "ou": "-", "stats_rows": [{"label": "Tiros", "home": "<span style=\"color: green; font-weight: bold;\">8</span>", "away": "<span style=\"color: red;\">7</span>"}, {"label": "Tiros a Puerta", "home": "<span style=\"color: green; font-weight: bold;\">6</span>", "away": "<span style=\"color: red;\">4</span>"}, {"label": "Ataques", "home": "<span style=\"color: red;\">65</span>", "away": "<span style=\"color: green; font-weight: bold;\">87</span>"}, {"label": "Ataques Peligrosos", "home": "<span style=\"color: red;\">39</span>", "away": "<span style=\"color: green; font-weight: bold;\">69</span>"}, {"label": "Red Cards", "home": "", "away": ""}], "date": "", "cover_status": "NEUTRO", "analysis": null}, "h2h_general": {"home": "Cheonan City", "away": "Suwon Samsung Bluewings", "score": "1 : 2", "ah": "-", "ou": "-", "stats_rows": [{"label": "Tiros", "home": "<span style=\"color: red;\">9</span>", "away": "<span style=\"color: green; font-weight: bold;\">11</span>"}, {"label": "Tiros a Puerta", "home": "<span style=\"color: green; font-weight: bold;\">4</span>", "away": "<span style=\"color: red;\">2</span>"}, {"label": "Ataques", "home": "<span style=\"color: green; font-weight: bold;\">60</span>", "away": "<span style=\"color: red;\">46</span>"}, {"label": "Ataques Peligrosos", "home": "<span style=\"color: green; font-weight: bold;\">42</span>", "away": "<span style=\"color: red;\">35</span>"}, {"label": "Red Cards", "home": "<span style=\"color: green; font-weight: bold;\">1</span>", "away": "<span style=\"color: red;\">0</span>"}], "date": null, "cover_status": "NEUTRO"}}, "comparativas_indirectas": {"left": {"title_home_name": "Suwon Samsung Bluewings", "title_away_name": "Cheonan City", "home_team": "Jeonnam Dragons", "away_team": "Suwon Samsung Bluewings", "score": "3 : 4", "ah": "-", "ou": "-", "localia": "A", "stats_rows": [{"label": "Tiros", "home": "<span style=\"color: green; font-weight: bold;\">15</span>", "away": "<span style=\"color: red;\">7</span>"}, {"label": "Tiros a Puerta", "home": "<span style=\"color: green; font-weight: bold;\">10</span>", "away": "<span style=\"color: red;\">5</span>"}, {"label": "Ataques", "home": "<span style=\"color: green; font-weight: bold;\">136</span>", "away": "<span style=\"color: red;\">87</span>"}, {"label": "Ataques Peligrosos", "home": "<span style=\"color: green; font-weight: bold;\">79</span>", "away": "<span style=\"color: red;\">44</span>"}, {"label": "Red Cards", "home": "<span style=\"color: red;\">0</span>", "away": "<span style=\"color: green; font-weight: bold;\">1</span>"}], "cover_status": "NEUTRO", "analysis": "Contra este rival, el resultado para Suwon Samsung Bluewings sería indeterminado"}, "right": {"title_home_name": "Suwon Samsung Bluewings", "title_away_name": "Cheonan City", "home_team": "Bucheon FC 1995", "away_team": "Cheonan City", "score": "0 : 0", "ah": "-", "ou": "-", "localia": "A", "stats_rows": [{"label": "Tiros", "home": "<span style=\"color: green; font-weight: bold;\">21</span>", "away": "<span style=\"color: red;\">7</span>"}, {"label": "Tiros a Puerta", "home": "<span style=\"color: green; font-weight: bold;\">6</span>", "away": "<span style=\"color: red;\">1</span>"}, {"label": "Ataques", "home": "<span style=\"color: green; font-weight: bold;\">93</span>", "away": "<span style=\"color: red;\">87</span>"}, {"label": "Ataques Peligrosos", "home": "<span style=\"color: green; font-weight: bold;\">58</span>", "away": "<span style=\"color: red;\">31</span>"}, {"label": "Red Cards", "home": "", "away": ""}], "cover_status": "NEUTRO", "analysis": "Contra este rival, el resultado para Cheonan City sería indeterminado"}}, "simplified_html": ""}