{"match_id": "2724396", "home_team": "Kansas City NWSL (W)", "away_team": "Gotham FC (W)", "final_score": null, "match_date": "2025-10-12", "match_time": "05:00", "match_datetime": "2025-10-12 05:00", "recent_indirect_full": {"last_home": {"home": "Kansas City NWSL (W)", "away": "Chicago Red Stars (W)", "score": "4 : 1", "ah": "1.75", "ou": "-", "stats_rows": [{"label": "Tiros", "home": "<span style=\"color: green; font-weight: bold;\">27</span>", "away": "<span style=\"color: red;\">11</span>"}, {"label": "Tiros a Puerta", "home": "<span style=\"color: green; font-weight: bold;\">10</span>", "away": "<span style=\"color: red;\">5</span>"}, {"label": "Ataques", "home": "<span style=\"color: green; font-weight: bold;\">46</span>", "away": "<span style=\"color: red;\">27</span>"}, {"label": "Ataques Peligrosos", "home": "<span style=\"color: green; font-weight: bold;\">54</span>", "away": "<span style=\"color: red;\">19</span>"}, {"label": "Red Cards", "home": "", "away": ""}], "date": "27-09-2025", "cover_status": "CUBIERTO"}, "last_away": {"home": "Bay FC (W)", "away": "Gotham FC (W)", "score": "1 : 1", "ah": "-0.75", "ou": "-", "stats_rows": [{"label": "Tiros", "home": "<span style=\"color: red;\">8</span>", "away": "<span style=\"color: green; font-weight: bold;\">12</span>"}, {"label": "Tiros a Puerta", "home": "<span style=\"color: red;\">2</span>", "away": "<span style=\"color: green; font-weight: bold;\">4</span>"}, {"label": "Ataques", "home": "<span style=\"color: red;\">45</span>", "away": "<span style=\"color: green; font-weight: bold;\">48</span>"}, {"label": "Ataques Peligrosos", "home": "<span style=\"color: green; font-weight: bold;\">30</span>", "away": "<span style=\"color: red;\">29</span>"}, {"label": "Red Cards", "home": "", "away": ""}], "date": "22-09-2025", "cover_status": "indeterminado"}, "h2h_col3": {"home": "Chicago Red Stars (W)", "away": "Bay FC (W)", "score": "1 : 1", "ah": "0", "ou": "-", "stats_rows": [{"label": "Tiros", "home": "<span style=\"color: red;\">10</span>", "away": "<span style=\"color: green; font-weight: bold;\">13</span>"}, {"label": "Tiros a Puerta", "home": "<span style=\"color: red;\">2</span>", "away": "<span style=\"color: green; font-weight: bold;\">3</span>"}, {"label": "Ataques", "home": "<span style=\"color: red;\">109</span>", "away": "<span style=\"color: green; font-weight: bold;\">118</span>"}, {"label": "Ataques Peligrosos", "home": "84", "away": "84"}, {"label": "Red Cards", "home": "", "away": ""}], "date": "10-08-2025", "cover_status": "indeterminado", "analysis": null}, "h2h_general": {"home": "Gotham FC (W)", "away": "Kansas City NWSL (W)", "score": "1 : 2", "ah": "0.25", "ou": "-", "stats_rows": [{"label": "Tiros", "home": "<span style=\"color: green; font-weight: bold;\">11</span>", "away": "<span style=\"color: red;\">8</span>"}, {"label": "Tiros a Puerta", "home": "<span style=\"color: red;\">2</span>", "away": "<span style=\"color: green; font-weight: bold;\">5</span>"}, {"label": "Ataques", "home": "<span style=\"color: red;\">63</span>", "away": "<span style=\"color: green; font-weight: bold;\">64</span>"}, {"label": "Ataques Peligrosos", "home": "<span style=\"color: green; font-weight: bold;\">66</span>", "away": "<span style=\"color: red;\">30</span>"}, {"label": "Red Cards", "home": "", "away": ""}], "date": null, "cover_status": "CUBIERTO"}}, "comparativas_indirectas": {"left": {"title_home_name": "Kansas City NWSL (W)", "title_away_name": "Gotham FC (W)", "home_team": "Bay FC (W)", "away_team": "Kansas City NWSL (W)", "score": "0 : 2", "ah": "-1.25", "ou": "-", "localia": "A", "stats_rows": [{"label": "Tiros", "home": "<span style=\"color: red;\">7</span>", "away": "<span style=\"color: green; font-weight: bold;\">22</span>"}, {"label": "Tiros a Puerta", "home": "<span style=\"color: red;\">1</span>", "away": "<span style=\"color: green; font-weight: bold;\">10</span>"}, {"label": "Ataques", "home": "<span style=\"color: red;\">45</span>", "away": "<span style=\"color: green; font-weight: bold;\">57</span>"}, {"label": "Ataques Peligrosos", "home": "<span style=\"color: red;\">20</span>", "away": "<span style=\"color: green; font-weight: bold;\">50</span>"}, {"label": "Red Cards", "home": "", "away": ""}], "cover_status": "CUBIERTO", "analysis": "Contra este rival, Kansas City NWSL (W) habría cubierto el handicap"}, "right": {"title_home_name": "Kansas City NWSL (W)", "title_away_name": "Gotham FC (W)", "home_team": "Chicago Red Stars (W)", "away_team": "Gotham FC (W)", "score": "1 : 1", "ah": "-1", "ou": "-", "localia": "A", "stats_rows": [{"label": "Tiros", "home": "<span style=\"color: green; font-weight: bold;\">11</span>", "away": "<span style=\"color: red;\">5</span>"}, {"label": "Tiros a Puerta", "home": "<span style=\"color: green; font-weight: bold;\">5</span>", "away": "<span style=\"color: red;\">3</span>"}, {"label": "Ataques", "home": "<span style=\"color: green; font-weight: bold;\">118</span>", "away": "<span style=\"color: red;\">102</span>"}, {"label": "Ataques Peligrosos", "home": "<span style=\"color: green; font-weight: bold;\">106</span>", "away": "<span style=\"color: red;\">62</span>"}, {"label": "Red Cards", "home": "", "away": ""}], "cover_status": "indeterminado", "analysis": "Contra este rival, el resultado para Gotham FC (W) sería indeterminado"}}, "simplified_html": "<div class=\"card\"><div class=\"card-body\"><h6 class=\"card-title\">📊 Análisis Mercado vs. H2H</h6>\n            <div class=\"mb-2\">\n                <strong>Precedente (este estadio):</strong>\n                <div>Resultado: <span class=\"score-value\">1:1</span></div>\n                <div>Mov. Línea: <span class=\"ah-value\">0.25 -> 0.75</span></div>\n                <div>Cobertura AH: <span style='color: red; font-weight: bold;'>NO CUBIERTO</span></div>\n            </div>\n        <hr>\n                <div class=\"mt-2\">\n                    <strong>Precedente (H2H mǭs reciente):</strong>\n                    <div>Resultado: <span class=\"score-value\">1:2</span></div>\n                    <div>Mov. L��nea: <span class=\"ah-value\">0.25 -> 0.75</span></div>\n                    <div>Cobertura AH: <span style='color: green; font-weight: bold;'>CUBIERTO</span></div>\n                </div>\n            </div></div>"}