{"match_id": "2730113", "home_team": "CD Copiapo S.A.", "away_team": "San Marcos de Arica", "final_score": null, "match_date": "2025-10-12", "match_time": "04:30", "match_datetime": "2025-10-12 04:30", "recent_indirect_full": {"last_home": {"home": "CD Copiapo S.A.", "away": "CSD Antofagasta", "score": "1 : 1", "ah": "0.75", "ou": "-", "stats_rows": [{"label": "Tiros", "home": "<span style=\"color: green; font-weight: bold;\">30</span>", "away": "<span style=\"color: red;\">10</span>"}, {"label": "Tiros a Puerta", "home": "<span style=\"color: green; font-weight: bold;\">11</span>", "away": "<span style=\"color: red;\">6</span>"}, {"label": "Ataques", "home": "<span style=\"color: green; font-weight: bold;\">166</span>", "away": "<span style=\"color: red;\">103</span>"}, {"label": "Ataques Peligrosos", "home": "<span style=\"color: green; font-weight: bold;\">139</span>", "away": "<span style=\"color: red;\">47</span>"}, {"label": "Red Cards", "home": "", "away": ""}], "date": "16-09-2025", "cover_status": "NO CUBIERTO"}, "last_away": {"home": "San Luis Quillota", "away": "San Marcos de Arica", "score": "1 : 1", "ah": "0", "ou": "-", "stats_rows": [{"label": "Tiros", "home": "<span style=\"color: green; font-weight: bold;\">11</span>", "away": "<span style=\"color: red;\">10</span>"}, {"label": "Tiros a Puerta", "home": "3", "away": "3"}, {"label": "Ataques", "home": "<span style=\"color: red;\">82</span>", "away": "<span style=\"color: green; font-weight: bold;\">92</span>"}, {"label": "Ataques Peligrosos", "home": "<span style=\"color: red;\">42</span>", "away": "<span style=\"color: green; font-weight: bold;\">46</span>"}, {"label": "Red Cards", "home": "<span style=\"color: green; font-weight: bold;\">1</span>", "away": "<span style=\"color: red;\">0</span>"}], "date": "05-10-2025", "cover_status": "indeterminado"}, "h2h_col3": {"home": "CSD Antofagasta", "away": "San Luis Quillota", "score": "1 : 2", "ah": "0.5", "ou": "-", "stats_rows": [{"label": "Tiros", "home": "<span style=\"color: red;\">11</span>", "away": "<span style=\"color: green; font-weight: bold;\">14</span>"}, {"label": "Tiros a Puerta", "home": "<span style=\"color: red;\">2</span>", "away": "<span style=\"color: green; font-weight: bold;\">6</span>"}, {"label": "Ataques", "home": "<span style=\"color: green; font-weight: bold;\">121</span>", "away": "<span style=\"color: red;\">120</span>"}, {"label": "Ataques Peligrosos", "home": "<span style=\"color: red;\">66</span>", "away": "<span style=\"color: green; font-weight: bold;\">93</span>"}, {"label": "Red Cards", "home": "<span style=\"color: green; font-weight: bold;\">1</span>", "away": "<span style=\"color: red;\">0</span>"}], "date": "13-07-2025", "cover_status": "indeterminado", "analysis": null}, "h2h_general": {"home": "San Marcos de Arica", "away": "CD Copiapo S.A.", "score": "0 : 1", "ah": "0.5", "ou": "-", "stats_rows": [{"label": "Tiros", "home": "<span style=\"color: red;\">7</span>", "away": "<span style=\"color: green; font-weight: bold;\">12</span>"}, {"label": "Tiros a Puerta", "home": "<span style=\"color: red;\">2</span>", "away": "<span style=\"color: green; font-weight: bold;\">4</span>"}, {"label": "Ataques", "home": "<span style=\"color: green; font-weight: bold;\">169</span>", "away": "<span style=\"color: red;\">139</span>"}, {"label": "Ataques Peligrosos", "home": "<span style=\"color: green; font-weight: bold;\">63</span>", "away": "<span style=\"color: red;\">40</span>"}, {"label": "Red Cards", "home": "", "away": ""}], "date": null, "cover_status": "CUBIERTO"}}, "comparativas_indirectas": {"left": {"title_home_name": "CD Copiapo S.A.", "title_away_name": "San Marcos de Arica", "home_team": "CD Copiapo S.A.", "away_team": "San Luis Quillota", "score": "3 : 0", "ah": "0.25", "ou": "-", "localia": "H", "stats_rows": [{"label": "Tiros", "home": "<span style=\"color: red;\">11</span>", "away": "<span style=\"color: green; font-weight: bold;\">19</span>"}, {"label": "Tiros a Puerta", "home": "<span style=\"color: red;\">5</span>", "away": "<span style=\"color: green; font-weight: bold;\">9</span>"}, {"label": "Ataques", "home": "<span style=\"color: red;\">127</span>", "away": "<span style=\"color: green; font-weight: bold;\">167</span>"}, {"label": "Ataques Peligrosos", "home": "<span style=\"color: red;\">47</span>", "away": "<span style=\"color: green; font-weight: bold;\">81</span>"}, {"label": "Red Cards", "home": "1", "away": "1"}], "cover_status": "CUBIERTO", "analysis": "Contra este rival, CD Copiapo S.A. habría cubierto el handicap"}, "right": {"title_home_name": "CD Copiapo S.A.", "title_away_name": "San Marcos de Arica", "home_team": "San Marcos de Arica", "away_team": "CSD Antofagasta", "score": "0 : 0", "ah": "0.25", "ou": "-", "localia": "H", "stats_rows": [{"label": "Tiros", "home": "<span style=\"color: green; font-weight: bold;\">28</span>", "away": "<span style=\"color: red;\">4</span>"}, {"label": "Tiros a Puerta", "home": "<span style=\"color: green; font-weight: bold;\">5</span>", "away": "<span style=\"color: red;\">1</span>"}, {"label": "Ataques", "home": "<span style=\"color: green; font-weight: bold;\">191</span>", "away": "<span style=\"color: red;\">100</span>"}, {"label": "Ataques Peligrosos", "home": "<span style=\"color: green; font-weight: bold;\">125</span>", "away": "<span style=\"color: red;\">37</span>"}, {"label": "Red Cards", "home": "<span style=\"color: red;\">0</span>", "away": "<span style=\"color: green; font-weight: bold;\">1</span>"}], "cover_status": "indeterminado", "analysis": "Contra este rival, el resultado para San Marcos de Arica sería indeterminado"}}, "simplified_html": "<div class=\"card\"><div class=\"card-body\"><h6 class=\"card-title\">📊 Análisis Mercado vs. H2H</h6>\n            <div class=\"mb-2\">\n                <strong>Precedente (este estadio):</strong>\n                <div>Resultado: <span class=\"score-value\">1:1</span></div>\n                <div>Mov. Línea: <span class=\"ah-value\">0.75 -> 0.75</span></div>\n                <div>Cobertura AH: <span style='color: red; font-weight: bold;'>NO CUBIERTO</span></div>\n            </div>\n        <hr>\n                <div class=\"mt-2\">\n                    <strong>Precedente (H2H mǭs reciente):</strong>\n                    <div>Resultado: <span class=\"score-value\">0:1</span></div>\n                    <div>Mov. Lnea: <span class=\"ah-value\">0.5 -> 0.75</span></div>\n                    <div>Cobertura AH: <span style='color: green; font-weight: bold;'>CUBIERTO</span></div>\n                </div>\n            </div></div>"}