{"match_id": "2732344", "home_team": "IGA Kunoichi (W)", "away_team": "Speranza Osaka (W)", "final_score": null, "match_date": "2025-10-12", "match_time": "12:00", "match_datetime": "2025-10-12 12:00", "recent_indirect_full": {"last_home": {"home": "IGA Kunoichi (W)", "away": "Ehime FC  (W)", "score": "5 : 0", "ah": "1", "ou": "-", "stats_rows": [{"label": "Tiros", "home": "<span style=\"color: green; font-weight: bold;\">17</span>", "away": "<span style=\"color: red;\">7</span>"}, {"label": "Tiros a Puerta", "home": "<span style=\"color: green; font-weight: bold;\">7</span>", "away": "<span style=\"color: red;\">3</span>"}, {"label": "Ataques", "home": "<span style=\"color: green; font-weight: bold;\">77</span>", "away": "<span style=\"color: red;\">64</span>"}, {"label": "Ataques Peligrosos", "home": "<span style=\"color: green; font-weight: bold;\">58</span>", "away": "<span style=\"color: red;\">40</span>"}, {"label": "Red Cards", "home": "", "away": ""}], "date": "21-09-2025", "cover_status": "CUBIERTO"}, "last_away": {"home": "Viamaterras Miyazaki (W)", "away": "Speranza Osaka (W)", "score": "1 : 1", "ah": "1.5", "ou": "-", "stats_rows": [{"label": "Tiros", "home": "<span style=\"color: green; font-weight: bold;\">20</span>", "away": "<span style=\"color: red;\">4</span>"}, {"label": "Tiros a Puerta", "home": "<span style=\"color: green; font-weight: bold;\">7</span>", "away": "<span style=\"color: red;\">1</span>"}, {"label": "Ataques", "home": "<span style=\"color: green; font-weight: bold;\">84</span>", "away": "<span style=\"color: red;\">69</span>"}, {"label": "Ataques Peligrosos", "home": "<span style=\"color: green; font-weight: bold;\">48</span>", "away": "<span style=\"color: red;\">20</span>"}, {"label": "Red Cards", "home": "", "away": ""}], "date": "28-09-2025", "cover_status": "indeterminado"}, "h2h_col3": {"home": "Ehime FC  (W)", "away": "Viamaterras Miyazaki (W)", "score": "2 : 1", "ah": "-", "ou": "-", "stats_rows": [{"label": "Red Cards", "home": "", "away": ""}], "date": "06-09-2025", "cover_status": "indeterminado", "analysis": null}, "h2h_general": {"home": "Speranza Osaka (W)", "away": "IGA Kunoichi (W)", "score": "1 : 2", "ah": "-0.75", "ou": "-", "stats_rows": [{"label": "Red Cards", "home": "", "away": ""}], "date": null, "cover_status": "NO CUBIERTO"}}, "comparativas_indirectas": {"left": {"title_home_name": "IGA Kunoichi (W)", "title_away_name": "Speranza Osaka (W)", "home_team": "IGA Kunoichi (W)", "away_team": "Viamaterras Miyazaki (W)", "score": "3 : 3", "ah": "0.25", "ou": "-", "localia": "H", "stats_rows": [{"label": "Tiros", "home": "<span style=\"color: green; font-weight: bold;\">13</span>", "away": "<span style=\"color: red;\">12</span>"}, {"label": "Tiros a Puerta", "home": "7", "away": "7"}, {"label": "Ataques", "home": "<span style=\"color: green; font-weight: bold;\">84</span>", "away": "<span style=\"color: red;\">72</span>"}, {"label": "Ataques Peligrosos", "home": "<span style=\"color: green; font-weight: bold;\">48</span>", "away": "<span style=\"color: red;\">34</span>"}, {"label": "Red Cards", "home": "", "away": ""}], "cover_status": "NO CUBIERTO", "analysis": "Contra este rival, IGA Kunoichi (W) no habría cubierto el handicap"}, "right": {"title_home_name": "IGA Kunoichi (W)", "title_away_name": "Speranza Osaka (W)", "home_team": "Speranza Osaka (W)", "away_team": "Ehime FC  (W)", "score": "2 : 4", "ah": "-0.25", "ou": "-", "localia": "H", "stats_rows": [{"label": "Tiros", "home": "<span style=\"color: red;\">11</span>", "away": "<span style=\"color: green; font-weight: bold;\">15</span>"}, {"label": "Tiros a Puerta", "home": "<span style=\"color: red;\">4</span>", "away": "<span style=\"color: green; font-weight: bold;\">11</span>"}, {"label": "Ataques", "home": "<span style=\"color: green; font-weight: bold;\">101</span>", "away": "<span style=\"color: red;\">78</span>"}, {"label": "Ataques Peligrosos", "home": "<span style=\"color: green; font-weight: bold;\">59</span>", "away": "<span style=\"color: red;\">51</span>"}, {"label": "Red Cards", "home": "", "away": ""}], "cover_status": "indeterminado", "analysis": "Contra este rival, el resultado para Speranza Osaka (W) sería indeterminado"}}, "simplified_html": "<div class=\"card\"><div class=\"card-body\"><h6 class=\"card-title\">📊 Análisis Mercado vs. H2H</h6>\n            <div class=\"mb-2\">\n                <strong>Precedente (este estadio):</strong>\n                <div>Resultado: <span class=\"score-value\">1:0</span></div>\n                <div>Mov. Línea: <span class=\"ah-value\">1.25 -> 1.75</span></div>\n                <div>Cobertura AH: <span style='color: red; font-weight: bold;'>NO CUBIERTO</span></div>\n            </div>\n        <hr>\n                <div class=\"mt-2\">\n                    <strong>Precedente (H2H mǭs reciente):</strong>\n                    <div>Resultado: <span class=\"score-value\">1:2</span></div>\n                    <div>Mov. Lnea: <span class=\"ah-value\">-0.75 -> 1.75</span></div>\n                    <div>Cobertura AH: <span style='color: red; font-weight: bold;'>NO CUBIERTO</span></div>\n                </div>\n            </div></div>"}