{"match_id": "2732347", "home_team": "Nittaidai University (W)", "away_team": "Orca Kamogawa FC (W)", "final_score": null, "match_date": "2025-10-12", "match_time": "12:00", "match_datetime": "2025-10-12 12:00", "recent_indirect_full": {"last_home": {"home": "Nittaidai University (W)", "away": "Okayama Yunogo Belle (W)", "score": "3 : 0", "ah": "-0.25", "ou": "-", "stats_rows": [{"label": "Tiros", "home": "<span style=\"color: red;\">11</span>", "away": "<span style=\"color: green; font-weight: bold;\">12</span>"}, {"label": "Tiros a Puerta", "home": "<span style=\"color: green; font-weight: bold;\">7</span>", "away": "<span style=\"color: red;\">2</span>"}, {"label": "Ataques", "home": "<span style=\"color: red;\">106</span>", "away": "<span style=\"color: green; font-weight: bold;\">141</span>"}, {"label": "Ataques Peligrosos", "home": "<span style=\"color: red;\">35</span>", "away": "<span style=\"color: green; font-weight: bold;\">60</span>"}, {"label": "Red Cards", "home": "", "away": ""}], "date": "21-09-2025", "cover_status": "CUBIERTO"}, "last_away": {"home": "Ehime FC  (W)", "away": "Orca Kamogawa FC (W)", "score": "2 : 0", "ah": "-0.5", "ou": "-", "stats_rows": [{"label": "Tiros", "home": "<span style=\"color: red;\">8</span>", "away": "<span style=\"color: green; font-weight: bold;\">11</span>"}, {"label": "Tiros a Puerta", "home": "3", "away": "3"}, {"label": "Ataques", "home": "<span style=\"color: green; font-weight: bold;\">75</span>", "away": "<span style=\"color: red;\">72</span>"}, {"label": "Ataques Peligrosos", "home": "<span style=\"color: green; font-weight: bold;\">60</span>", "away": "<span style=\"color: red;\">50</span>"}, {"label": "Red Cards", "home": "", "away": ""}], "date": "28-09-2025", "cover_status": "NO CUBIERTO"}, "h2h_col3": {"home": "Okayama Yunogo Belle (W)", "away": "Ehime FC  (W)", "score": "0 : 0", "ah": "0.5", "ou": "-", "stats_rows": [{"label": "Tiros", "home": "<span style=\"color: green; font-weight: bold;\">13</span>", "away": "<span style=\"color: red;\">5</span>"}, {"label": "Tiros a Puerta", "home": "<span style=\"color: green; font-weight: bold;\">5</span>", "away": "<span style=\"color: red;\">1</span>"}, {"label": "Ataques", "home": "<span style=\"color: green; font-weight: bold;\">88</span>", "away": "<span style=\"color: red;\">67</span>"}, {"label": "Ataques Peligrosos", "home": "<span style=\"color: green; font-weight: bold;\">32</span>", "away": "<span style=\"color: red;\">24</span>"}, {"label": "Red Cards", "home": "", "away": ""}], "date": "31-08-2025", "cover_status": "PUSH", "analysis": null}, "h2h_general": {"home": "Orca Kamogawa FC (W)", "away": "Nittaidai University (W)", "score": "0 : 0", "ah": "0", "ou": "-", "stats_rows": [{"label": "Red Cards", "home": "", "away": ""}], "date": null, "cover_status": "PUSH"}}, "comparativas_indirectas": {"left": {"title_home_name": "Nittaidai University (W)", "title_away_name": "Orca Kamogawa FC (W)", "home_team": "Ehime FC  (W)", "away_team": "Nittaidai University (W)", "score": "2 : 0", "ah": "0.25", "ou": "-", "localia": "A", "stats_rows": [{"label": "Tiros", "home": "<span style=\"color: red;\">11</span>", "away": "<span style=\"color: green; font-weight: bold;\">14</span>"}, {"label": "Tiros a Puerta", "home": "<span style=\"color: green; font-weight: bold;\">5</span>", "away": "<span style=\"color: red;\">1</span>"}, {"label": "Ataques", "home": "<span style=\"color: red;\">69</span>", "away": "<span style=\"color: green; font-weight: bold;\">97</span>"}, {"label": "Ataques Peligrosos", "home": "<span style=\"color: red;\">41</span>", "away": "<span style=\"color: green; font-weight: bold;\">51</span>"}, {"label": "Red Cards", "home": "", "away": ""}], "cover_status": "NO CUBIERTO", "analysis": "Contra este rival, Nittaidai University (W) no habría cubierto el handicap"}, "right": {"title_home_name": "Nittaidai University (W)", "title_away_name": "Orca Kamogawa FC (W)", "home_team": "Okayama Yunogo Belle (W)", "away_team": "Orca Kamogawa FC (W)", "score": "2 : 2", "ah": "0.25", "ou": "-", "localia": "A", "stats_rows": [{"label": "Tiros", "home": "7", "away": "7"}, {"label": "Tiros a Puerta", "home": "4", "away": "4"}, {"label": "Ataques", "home": "71", "away": "71"}, {"label": "Ataques Peligrosos", "home": "<span style=\"color: red;\">21</span>", "away": "<span style=\"color: green; font-weight: bold;\">29</span>"}, {"label": "Red Cards", "home": "", "away": ""}], "cover_status": "PUSH", "analysis": "Contra este rival, el resultado para Orca Kamogawa FC (W) sería indeterminado"}}, "simplified_html": "<div class=\"card\"><div class=\"card-body\"><h6 class=\"card-title\">📊 Análisis Mercado vs. H2H</h6>\n            <div class=\"mb-2\">\n                <strong>Precedente (este estadio):</strong>\n                <div>Resultado: <span class=\"score-value\">2:0</span></div>\n                <div>Mov. Línea: <span class=\"ah-value\">0.25 -> 0</span></div>\n                <div>Cobertura AH: <span style='color: green; font-weight: bold;'>CUBIERTO</span></div>\n            </div>\n        <hr>\n                <div class=\"mt-2\">\n                    <strong>Precedente (H2H mǭs reciente):</strong>\n                    <div>Resultado: <span class=\"score-value\">0:0</span></div>\n                    <div>Mov. Lnea: <span class=\"ah-value\">0 -> 0</span></div>\n                    <div>Cobertura AH: <span style='color: #6c757d; font-weight: bold;'>PUSH</span></div>\n                </div>\n            </div></div>"}