{"match_id": "2735889", "home_team": "Gimhae City", "away_team": "Mokpo City", "final_score": null, "match_date": "2025-10-12", "match_time": "13:00", "match_datetime": "2025-10-12 13:00", "recent_indirect_full": {"last_home": {"home": "Gimhae City", "away": "Yeoju Sejong", "score": "1 : 1", "ah": "1.25", "ou": "-", "stats_rows": [{"label": "Tiros", "home": "<span style=\"color: green; font-weight: bold;\">12</span>", "away": "<span style=\"color: red;\">3</span>"}, {"label": "Tiros a Puerta", "home": "<span style=\"color: green; font-weight: bold;\">3</span>", "away": "<span style=\"color: red;\">2</span>"}, {"label": "Ataques", "home": "<span style=\"color: green; font-weight: bold;\">66</span>", "away": "<span style=\"color: red;\">26</span>"}, {"label": "Ataques Peligrosos", "home": "<span style=\"color: green; font-weight: bold;\">53</span>", "away": "<span style=\"color: red;\">11</span>"}, {"label": "Red Cards", "home": "<span style=\"color: green; font-weight: bold;\">1</span>", "away": "<span style=\"color: red;\">0</span>"}], "date": "13-09-2025", "cover_status": "NO CUBIERTO"}, "last_away": {"home": "Daejeon Korail", "away": "Mokpo City", "score": "0 : 1", "ah": "0.75", "ou": "-", "stats_rows": [{"label": "Tiros", "home": "<span style=\"color: green; font-weight: bold;\">9</span>", "away": "<span style=\"color: red;\">6</span>"}, {"label": "Tiros a Puerta", "home": "<span style=\"color: green; font-weight: bold;\">3</span>", "away": "<span style=\"color: red;\">2</span>"}, {"label": "Ataques", "home": "<span style=\"color: green; font-weight: bold;\">122</span>", "away": "<span style=\"color: red;\">114</span>"}, {"label": "Ataques Peligrosos", "home": "<span style=\"color: green; font-weight: bold;\">94</span>", "away": "<span style=\"color: red;\">74</span>"}, {"label": "Red Cards", "home": "", "away": ""}], "date": "27-09-2025", "cover_status": "indeterminado"}, "h2h_col3": {"home": "Daejeon Korail", "away": "Yeoju Sejong", "score": "3 : 3", "ah": "0.5", "ou": "-", "stats_rows": [{"label": "Tiros", "home": "<span style=\"color: green; font-weight: bold;\">12</span>", "away": "<span style=\"color: red;\">8</span>"}, {"label": "Tiros a Puerta", "home": "<span style=\"color: green; font-weight: bold;\">7</span>", "away": "<span style=\"color: red;\">5</span>"}, {"label": "Ataques", "home": "<span style=\"color: green; font-weight: bold;\">107</span>", "away": "<span style=\"color: red;\">78</span>"}, {"label": "Ataques Peligrosos", "home": "<span style=\"color: green; font-weight: bold;\">84</span>", "away": "<span style=\"color: red;\">40</span>"}, {"label": "Red Cards", "home": "", "away": ""}], "date": "06-09-2025", "cover_status": "indeterminado", "analysis": null}, "h2h_general": {"home": "Mokpo City", "away": "Gimhae City", "score": "0 : 1", "ah": "-1.5", "ou": "-", "stats_rows": [{"label": "Tiros", "home": "<span style=\"color: red;\">5</span>", "away": "<span style=\"color: green; font-weight: bold;\">6</span>"}, {"label": "Tiros a Puerta", "home": "<span style=\"color: red;\">2</span>", "away": "<span style=\"color: green; font-weight: bold;\">4</span>"}, {"label": "Ataques", "home": "<span style=\"color: red;\">92</span>", "away": "<span style=\"color: green; font-weight: bold;\">135</span>"}, {"label": "Ataques Peligrosos", "home": "<span style=\"color: red;\">48</span>", "away": "<span style=\"color: green; font-weight: bold;\">57</span>"}, {"label": "Red Cards", "home": "", "away": ""}], "date": null, "cover_status": "NO CUBIERTO"}}, "comparativas_indirectas": {"left": {"title_home_name": "Gimhae City", "title_away_name": "Mokpo City", "home_team": "Daejeon Korail", "away_team": "Gimhae City", "score": "0 : 0", "ah": "0", "ou": "-", "localia": "A", "stats_rows": [{"label": "Tiros", "home": "<span style=\"color: red;\">9</span>", "away": "<span style=\"color: green; font-weight: bold;\">12</span>"}, {"label": "Tiros a Puerta", "home": "<span style=\"color: green; font-weight: bold;\">3</span>", "away": "<span style=\"color: red;\">0</span>"}, {"label": "Ataques", "home": "<span style=\"color: red;\">67</span>", "away": "<span style=\"color: green; font-weight: bold;\">79</span>"}, {"label": "Ataques Peligrosos", "home": "<span style=\"color: red;\">27</span>", "away": "<span style=\"color: green; font-weight: bold;\">44</span>"}, {"label": "Red Cards", "home": "", "away": ""}], "cover_status": "NO CUBIERTO", "analysis": "Contra este rival, Gimhae City no habría cubierto el handicap"}, "right": {"title_home_name": "Gimhae City", "title_away_name": "Mokpo City", "home_team": "Mokpo City", "away_team": "Yeoju Sejong", "score": "0 : 3", "ah": "0", "ou": "-", "localia": "H", "stats_rows": [{"label": "Tiros", "home": "<span style=\"color: red;\">1</span>", "away": "<span style=\"color: green; font-weight: bold;\">5</span>"}, {"label": "Tiros a Puerta", "home": "<span style=\"color: red;\">1</span>", "away": "<span style=\"color: green; font-weight: bold;\">3</span>"}, {"label": "Ataques", "home": "<span style=\"color: green; font-weight: bold;\">69</span>", "away": "<span style=\"color: red;\">63</span>"}, {"label": "Ataques Peligrosos", "home": "<span style=\"color: green; font-weight: bold;\">46</span>", "away": "<span style=\"color: red;\">36</span>"}, {"label": "Red Cards", "home": "", "away": ""}], "cover_status": "indeterminado", "analysis": "Contra este rival, el resultado para Mokpo City sería indeterminado"}}, "simplified_html": "<div class=\"card\"><div class=\"card-body\"><h6 class=\"card-title\">📊 Análisis Mercado vs. H2H</h6>\n            <div class=\"mb-2\">\n                <strong>Precedente (este estadio):</strong>\n                <div>Resultado: <span class=\"score-value\">0:2</span></div>\n                <div>Mov. Línea: <span class=\"ah-value\">0.75 -> 1.75</span></div>\n                <div>Cobertura AH: <span style='color: red; font-weight: bold;'>NO CUBIERTO</span></div>\n            </div>\n        <hr>\n                <div class=\"mt-2\">\n                    <strong>Precedente (H2H mǭs reciente):</strong>\n                    <div>Resultado: <span class=\"score-value\">0:1</span></div>\n                    <div>Mov. Lnea: <span class=\"ah-value\">-1.5 -> 1.75</span></div>\n                    <div>Cobertura AH: <span style='color: red; font-weight: bold;'>NO CUBIERTO</span></div>\n                </div>\n            </div></div>"}