{"match_id": "2735905", "home_team": "Daejeon Korail", "away_team": "Jeonbuk Hyundai Motors II", "final_score": null, "match_date": "2025-11-08", "match_time": "13:00", "match_datetime": "2025-11-08 13:00", "recent_indirect_full": {"last_home": {"home": "Daejeon Korail", "away": "Pocheon FC", "score": "2 : 0", "ah": "-0.25", "ou": "-", "stats_rows": [{"label": "Tiros", "home": "7", "away": "7"}, {"label": "Tiros a Puerta", "home": "4", "away": "4"}, {"label": "Ataques", "home": "<span style=\"color: green; font-weight: bold;\">122</span>", "away": "<span style=\"color: red;\">109</span>"}, {"label": "Ataques Peligrosos", "home": "<span style=\"color: red;\">61</span>", "away": "<span style=\"color: green; font-weight: bold;\">69</span>"}, {"label": "Red Cards", "home": "", "away": ""}], "date": "26-10-2025", "cover_status": "CUBIERTO"}, "last_away": {"home": "Ulsan Citizens", "away": "Jeonbuk Hyundai Motors II", "score": "1 : 0", "ah": "0.25", "ou": "-", "stats_rows": [{"label": "Tiros", "home": "<span style=\"color: green; font-weight: bold;\">10</span>", "away": "<span style=\"color: red;\">8</span>"}, {"label": "Tiros a Puerta", "home": "<span style=\"color: green; font-weight: bold;\">8</span>", "away": "<span style=\"color: red;\">1</span>"}, {"label": "Ataques", "home": "<span style=\"color: red;\">88</span>", "away": "<span style=\"color: green; font-weight: bold;\">92</span>"}, {"label": "Ataques Peligrosos", "home": "<span style=\"color: red;\">29</span>", "away": "<span style=\"color: green; font-weight: bold;\">36</span>"}, {"label": "Red Cards", "home": "<span style=\"color: red;\">0</span>", "away": "<span style=\"color: green; font-weight: bold;\">1</span>"}], "date": "01-11-2025", "cover_status": "indeterminado"}, "h2h_col3": {"home": "Pocheon FC", "away": "Ulsan Citizens", "score": "0 : 0", "ah": "-", "ou": "-", "stats_rows": [{"label": "Tiros", "home": "<span style=\"color: green; font-weight: bold;\">17</span>", "away": "<span style=\"color: red;\">3</span>"}, {"label": "Tiros a Puerta", "home": "<span style=\"color: green; font-weight: bold;\">1</span>", "away": "<span style=\"color: red;\">0</span>"}, {"label": "Ataques", "home": "<span style=\"color: green; font-weight: bold;\">131</span>", "away": "<span style=\"color: red;\">71</span>"}, {"label": "Ataques Peligrosos", "home": "<span style=\"color: green; font-weight: bold;\">39</span>", "away": "<span style=\"color: red;\">7</span>"}, {"label": "Red Cards", "home": "", "away": ""}], "date": "", "cover_status": "indeterminado", "analysis": null}, "h2h_general": {"home": "Jeonbuk Hyundai Motors II", "away": "Daejeon Korail", "score": "2 : 2", "ah": "-0.75", "ou": "-", "stats_rows": [{"label": "Tiros", "home": "<span style=\"color: green; font-weight: bold;\">16</span>", "away": "<span style=\"color: red;\">12</span>"}, {"label": "Tiros a Puerta", "home": "<span style=\"color: green; font-weight: bold;\">5</span>", "away": "<span style=\"color: red;\">4</span>"}, {"label": "Ataques", "home": "<span style=\"color: red;\">104</span>", "away": "<span style=\"color: green; font-weight: bold;\">113</span>"}, {"label": "Ataques Peligrosos", "home": "<span style=\"color: red;\">43</span>", "away": "<span style=\"color: green; font-weight: bold;\">48</span>"}, {"label": "Red Cards", "home": "", "away": ""}], "date": null, "cover_status": "NO CUBIERTO"}}, "comparativas_indirectas": {"left": {"title_home_name": "Daejeon Korail", "title_away_name": "Jeonbuk Hyundai Motors II", "home_team": "Ulsan Citizens", "away_team": "Daejeon Korail", "score": "1 : 2", "ah": "-0.5", "ou": "-", "localia": "A", "stats_rows": [{"label": "Tiros", "home": "<span style=\"color: green; font-weight: bold;\">20</span>", "away": "<span style=\"color: red;\">9</span>"}, {"label": "Tiros a Puerta", "home": "6", "away": "6"}, {"label": "Ataques", "home": "<span style=\"color: green; font-weight: bold;\">108</span>", "away": "<span style=\"color: red;\">78</span>"}, {"label": "Ataques Peligrosos", "home": "<span style=\"color: green; font-weight: bold;\">64</span>", "away": "<span style=\"color: red;\">21</span>"}, {"label": "Red Cards", "home": "", "away": ""}], "cover_status": "PUSH", "analysis": "Contra este rival, el resultado para Daejeon Korail sería indeterminado"}, "right": {"title_home_name": "Daejeon Korail", "title_away_name": "Jeonbuk Hyundai Motors II", "home_team": "Jeonbuk Hyundai Motors II", "away_team": "Pocheon FC", "score": "1 : 3", "ah": "-0.75", "ou": "-", "localia": "H", "stats_rows": [{"label": "Tiros", "home": "<span style=\"color: red;\">2</span>", "away": "<span style=\"color: green; font-weight: bold;\">4</span>"}, {"label": "Tiros a Puerta", "home": "<span style=\"color: red;\">2</span>", "away": "<span style=\"color: green; font-weight: bold;\">4</span>"}, {"label": "Ataques", "home": "<span style=\"color: green; font-weight: bold;\">57</span>", "away": "<span style=\"color: red;\">34</span>"}, {"label": "Ataques Peligrosos", "home": "<span style=\"color: green; font-weight: bold;\">53</span>", "away": "<span style=\"color: red;\">30</span>"}, {"label": "Red Cards", "home": "", "away": ""}], "cover_status": "indeterminado", "analysis": "Contra este rival, el resultado para Jeonbuk Hyundai Motors II sería indeterminado"}}, "simplified_html": "<div class=\"card\"><div class=\"card-body\"><h6 class=\"card-title\">📊 Análisis Mercado vs. H2H</h6><p>No hay precedente H2H en este estadio.</p>\n                <div class=\"mt-2\">\n                    <strong>Precedente (H2H mǭs reciente):</strong>\n                    <div>Resultado: <span class=\"score-value\">2:2</span></div>\n                    <div>Mov. Lnea: <span class=\"ah-value\">-0.75 -> 1</span></div>\n                    <div>Cobertura AH: <span style='color: red; font-weight: bold;'>NO CUBIERTO</span></div>\n                </div>\n            </div></div>"}