{"match_id": "2735904", "home_team": "Gyeongju KHNP", "away_team": "Ulsan Citizens", "final_score": null, "match_date": "2025-11-08", "match_time": "13:00", "match_datetime": "2025-11-08 13:00", "recent_indirect_full": {"last_home": {"home": "Gyeongju KHNP", "away": "Yeoju Sejong", "score": "0 : 1", "ah": "1", "ou": "-", "stats_rows": [{"label": "Tiros", "home": "<span style=\"color: green; font-weight: bold;\">12</span>", "away": "<span style=\"color: red;\">6</span>"}, {"label": "Tiros a Puerta", "home": "3", "away": "3"}, {"label": "Ataques", "home": "<span style=\"color: green; font-weight: bold;\">100</span>", "away": "<span style=\"color: red;\">72</span>"}, {"label": "Ataques Peligrosos", "home": "<span style=\"color: green; font-weight: bold;\">57</span>", "away": "<span style=\"color: red;\">38</span>"}, {"label": "Red Cards", "home": "", "away": ""}], "date": "01-11-2025", "cover_status": "NO CUBIERTO"}, "last_away": {"home": "Pocheon FC", "away": "Ulsan Citizens", "score": "0 : 0", "ah": "0.75", "ou": "-", "stats_rows": [{"label": "Tiros", "home": "<span style=\"color: green; font-weight: bold;\">17</span>", "away": "<span style=\"color: red;\">3</span>"}, {"label": "Tiros a Puerta", "home": "<span style=\"color: green; font-weight: bold;\">1</span>", "away": "<span style=\"color: red;\">0</span>"}, {"label": "Ataques", "home": "<span style=\"color: green; font-weight: bold;\">131</span>", "away": "<span style=\"color: red;\">71</span>"}, {"label": "Ataques Peligrosos", "home": "<span style=\"color: green; font-weight: bold;\">39</span>", "away": "<span style=\"color: red;\">7</span>"}, {"label": "Red Cards", "home": "", "away": ""}], "date": "04-10-2025", "cover_status": "indeterminado"}, "h2h_col3": {"home": "Yeoju Sejong", "away": "Pocheon FC", "score": "1 : 0", "ah": "-", "ou": "-", "stats_rows": [{"label": "Tiros", "home": "<span style=\"color: red;\">7</span>", "away": "<span style=\"color: green; font-weight: bold;\">10</span>"}, {"label": "Tiros a Puerta", "home": "<span style=\"color: green; font-weight: bold;\">4</span>", "away": "<span style=\"color: red;\">1</span>"}, {"label": "Ataques", "home": "<span style=\"color: red;\">66</span>", "away": "<span style=\"color: green; font-weight: bold;\">128</span>"}, {"label": "Ataques Peligrosos", "home": "<span style=\"color: red;\">37</span>", "away": "<span style=\"color: green; font-weight: bold;\">107</span>"}, {"label": "Red Cards", "home": "", "away": ""}], "date": "", "cover_status": "indeterminado", "analysis": null}, "h2h_general": {"home": "Ulsan Citizens", "away": "Gyeongju KHNP", "score": "3 : 4", "ah": "-0.75", "ou": "-", "stats_rows": [{"label": "Tiros", "home": "<span style=\"color: green; font-weight: bold;\">16</span>", "away": "<span style=\"color: red;\">9</span>"}, {"label": "Tiros a Puerta", "home": "<span style=\"color: green; font-weight: bold;\">8</span>", "away": "<span style=\"color: red;\">7</span>"}, {"label": "Ataques", "home": "<span style=\"color: green; font-weight: bold;\">84</span>", "away": "<span style=\"color: red;\">76</span>"}, {"label": "Ataques Peligrosos", "home": "<span style=\"color: green; font-weight: bold;\">63</span>", "away": "<span style=\"color: red;\">25</span>"}, {"label": "Red Cards", "home": "<span style=\"color: red;\">0</span>", "away": "<span style=\"color: green; font-weight: bold;\">1</span>"}], "date": null, "cover_status": "CUBIERTO"}}, "comparativas_indirectas": {"left": {"title_home_name": "Gyeongju KHNP", "title_away_name": "Ulsan Citizens", "home_team": "Pocheon FC", "away_team": "Gyeongju KHNP", "score": "3 : 3", "ah": "0", "ou": "-", "localia": "A", "stats_rows": [{"label": "Tiros", "home": "<span style=\"color: green; font-weight: bold;\">12</span>", "away": "<span style=\"color: red;\">7</span>"}, {"label": "Tiros a Puerta", "home": "<span style=\"color: green; font-weight: bold;\">8</span>", "away": "<span style=\"color: red;\">6</span>"}, {"label": "Ataques", "home": "<span style=\"color: red;\">74</span>", "away": "<span style=\"color: green; font-weight: bold;\">85</span>"}, {"label": "Ataques Peligrosos", "home": "<span style=\"color: green; font-weight: bold;\">42</span>", "away": "<span style=\"color: red;\">37</span>"}, {"label": "Red Cards", "home": "", "away": ""}], "cover_status": "NO CUBIERTO", "analysis": "Contra este rival, Gyeongju KHNP no habría cubierto el handicap"}, "right": {"title_home_name": "Gyeongju KHNP", "title_away_name": "Ulsan Citizens", "home_team": "Yeoju Sejong", "away_team": "Ulsan Citizens", "score": "1 : 2", "ah": "0.25", "ou": "-", "localia": "A", "stats_rows": [{"label": "Tiros", "home": "<span style=\"color: red;\">5</span>", "away": "<span style=\"color: green; font-weight: bold;\">10</span>"}, {"label": "Tiros a Puerta", "home": "<span style=\"color: red;\">4</span>", "away": "<span style=\"color: green; font-weight: bold;\">7</span>"}, {"label": "Ataques", "home": "<span style=\"color: green; font-weight: bold;\">74</span>", "away": "<span style=\"color: red;\">73</span>"}, {"label": "Ataques Peligrosos", "home": "<span style=\"color: green; font-weight: bold;\">60</span>", "away": "<span style=\"color: red;\">42</span>"}, {"label": "Red Cards", "home": "", "away": ""}], "cover_status": "indeterminado", "analysis": "Contra este rival, el resultado para Ulsan Citizens sería indeterminado"}}, "simplified_html": "<div class=\"card\"><div class=\"card-body\"><h6 class=\"card-title\">📊 Análisis Mercado vs. H2H</h6>\n            <div class=\"mb-2\">\n                <strong>Precedente (este estadio):</strong>\n                <div>Resultado: <span class=\"score-value\">1:2</span></div>\n                <div>Mov. Línea: <span class=\"ah-value\">0.5 -> 0.75</span></div>\n                <div>Cobertura AH: <span style='color: red; font-weight: bold;'>NO CUBIERTO</span></div>\n            </div>\n        <hr>\n                <div class=\"mt-2\">\n                    <strong>Precedente (H2H mǭs reciente):</strong>\n                    <div>Resultado: <span class=\"score-value\">3:4</span></div>\n                    <div>Mov. Lnea: <span class=\"ah-value\">-0.75 -> 0.75</span></div>\n                    <div>Cobertura AH: <span style='color: green; font-weight: bold;'>CUBIERTO</span></div>\n                </div>\n            </div></div>"}