{"match_id": "2735906", "home_team": "Changwon City", "away_team": "Busan Transportation Corporation", "final_score": null, "match_date": "2025-11-08", "match_time": "13:00", "match_datetime": "2025-11-08 13:00", "recent_indirect_full": {"last_home": {"home": "Changwon City", "away": "Yeoju Sejong", "score": "2 : 1", "ah": "0.5", "ou": "-", "stats_rows": [{"label": "Tiros", "home": "<span style=\"color: red;\">15</span>", "away": "<span style=\"color: green; font-weight: bold;\">19</span>"}, {"label": "Tiros a Puerta", "home": "<span style=\"color: green; font-weight: bold;\">4</span>", "away": "<span style=\"color: red;\">3</span>"}, {"label": "Ataques", "home": "<span style=\"color: green; font-weight: bold;\">54</span>", "away": "<span style=\"color: red;\">52</span>"}, {"label": "Ataques Peligrosos", "home": "<span style=\"color: red;\">33</span>", "away": "<span style=\"color: green; font-weight: bold;\">35</span>"}, {"label": "Red Cards", "home": "", "away": ""}], "date": "26-10-2025", "cover_status": "CUBIERTO"}, "last_away": {"home": "Chuncheon Citizen", "away": "Busan Transportation Corporation", "score": "0 : 3", "ah": "-0.25", "ou": "-", "stats_rows": [{"label": "Tiros", "home": "<span style=\"color: red;\">12</span>", "away": "<span style=\"color: green; font-weight: bold;\">14</span>"}, {"label": "Tiros a Puerta", "home": "<span style=\"color: red;\">4</span>", "away": "<span style=\"color: green; font-weight: bold;\">9</span>"}, {"label": "Ataques", "home": "<span style=\"color: green; font-weight: bold;\">24</span>", "away": "<span style=\"color: red;\">14</span>"}, {"label": "Ataques Peligrosos", "home": "<span style=\"color: green; font-weight: bold;\">32</span>", "away": "<span style=\"color: red;\">30</span>"}, {"label": "Red Cards", "home": "", "away": ""}], "date": "02-11-2025", "cover_status": "indeterminado"}, "h2h_col3": {"home": "Chuncheon Citizen", "away": "Yeoju Sejong", "score": "1 : 2", "ah": "-", "ou": "-", "stats_rows": [{"label": "Tiros", "home": "<span style=\"color: green; font-weight: bold;\">14</span>", "away": "<span style=\"color: red;\">10</span>"}, {"label": "Tiros a Puerta", "home": "<span style=\"color: green; font-weight: bold;\">8</span>", "away": "<span style=\"color: red;\">4</span>"}, {"label": "Ataques", "home": "87", "away": "87"}, {"label": "Ataques Peligrosos", "home": "<span style=\"color: green; font-weight: bold;\">73</span>", "away": "<span style=\"color: red;\">47</span>"}, {"label": "Red Cards", "home": "", "away": ""}], "date": "", "cover_status": "indeterminado", "analysis": null}, "h2h_general": {"home": "Busan Transportation Corporation", "away": "Changwon City", "score": "2 : 1", "ah": "0", "ou": "-", "stats_rows": [{"label": "Tiros", "home": "<span style=\"color: red;\">10</span>", "away": "<span style=\"color: green; font-weight: bold;\">18</span>"}, {"label": "Tiros a Puerta", "home": "<span style=\"color: red;\">5</span>", "away": "<span style=\"color: green; font-weight: bold;\">6</span>"}, {"label": "Ataques", "home": "<span style=\"color: red;\">67</span>", "away": "<span style=\"color: green; font-weight: bold;\">93</span>"}, {"label": "Ataques Peligrosos", "home": "<span style=\"color: red;\">24</span>", "away": "<span style=\"color: green; font-weight: bold;\">66</span>"}, {"label": "Red Cards", "home": "<span style=\"color: green; font-weight: bold;\">1</span>", "away": "<span style=\"color: red;\">0</span>"}], "date": null, "cover_status": "NO CUBIERTO"}}, "comparativas_indirectas": {"left": {"title_home_name": "Changwon City", "title_away_name": "Busan Transportation Corporation", "home_team": "Chuncheon Citizen", "away_team": "Changwon City", "score": "2 : 4", "ah": "-0.25", "ou": "-", "localia": "A", "stats_rows": [{"label": "Tiros", "home": "<span style=\"color: green; font-weight: bold;\">16</span>", "away": "<span style=\"color: red;\">9</span>"}, {"label": "Tiros a Puerta", "home": "<span style=\"color: green; font-weight: bold;\">9</span>", "away": "<span style=\"color: red;\">6</span>"}, {"label": "Ataques", "home": "<span style=\"color: red;\">68</span>", "away": "<span style=\"color: green; font-weight: bold;\">80</span>"}, {"label": "Ataques Peligrosos", "home": "<span style=\"color: green; font-weight: bold;\">60</span>", "away": "<span style=\"color: red;\">52</span>"}, {"label": "Red Cards", "home": "", "away": ""}], "cover_status": "CUBIERTO", "analysis": "Contra este rival, Changwon City habría cubierto el handicap"}, "right": {"title_home_name": "Changwon City", "title_away_name": "Busan Transportation Corporation", "home_team": "Yeoju Sejong", "away_team": "Busan Transportation Corporation", "score": "1 : 3", "ah": "0", "ou": "-", "localia": "A", "stats_rows": [{"label": "Tiros", "home": "<span style=\"color: green; font-weight: bold;\">14</span>", "away": "<span style=\"color: red;\">7</span>"}, {"label": "Tiros a Puerta", "home": "<span style=\"color: green; font-weight: bold;\">7</span>", "away": "<span style=\"color: red;\">6</span>"}, {"label": "Ataques", "home": "<span style=\"color: green; font-weight: bold;\">78</span>", "away": "<span style=\"color: red;\">61</span>"}, {"label": "Ataques Peligrosos", "home": "<span style=\"color: green; font-weight: bold;\">54</span>", "away": "<span style=\"color: red;\">33</span>"}, {"label": "Red Cards", "home": "", "away": ""}], "cover_status": "indeterminado", "analysis": "Contra este rival, el resultado para Busan Transportation Corporation sería indeterminado"}}, "simplified_html": "<div class=\"card\"><div class=\"card-body\"><h6 class=\"card-title\">📊 Análisis Mercado vs. H2H</h6>\n            <div class=\"mb-2\">\n                <strong>Precedente (este estadio):</strong>\n                <div>Resultado: <span class=\"score-value\">2:1</span></div>\n                <div>Mov. Línea: <span class=\"ah-value\">0 -> 0.25</span></div>\n                <div>Cobertura AH: <span style='color: green; font-weight: bold;'>CUBIERTO</span></div>\n            </div>\n        <hr>\n                <div class=\"mt-2\">\n                    <strong>Precedente (H2H mǭs reciente):</strong>\n                    <div>Resultado: <span class=\"score-value\">2:1</span></div>\n                    <div>Mov. Lnea: <span class=\"ah-value\">0 -> 0.25</span></div>\n                    <div>Cobertura AH: <span style='color: red; font-weight: bold;'>NO CUBIERTO</span></div>\n                </div>\n            </div></div>"}