{"match_id": "2735910", "home_team": "Siheung City", "away_team": "Paju Citizen FC", "final_score": null, "match_date": "2025-11-08", "match_time": "13:00", "match_datetime": "2025-11-08 13:00", "recent_indirect_full": {"last_home": {"home": "Siheung City", "away": "Gangneung City", "score": "0 : 1", "ah": "1.25", "ou": "-", "stats_rows": [{"label": "Tiros", "home": "<span style=\"color: green; font-weight: bold;\">10</span>", "away": "<span style=\"color: red;\">3</span>"}, {"label": "Tiros a Puerta", "home": "<span style=\"color: green; font-weight: bold;\">5</span>", "away": "<span style=\"color: red;\">2</span>"}, {"label": "Ataques", "home": "<span style=\"color: green; font-weight: bold;\">37</span>", "away": "<span style=\"color: red;\">32</span>"}, {"label": "Ataques Peligrosos", "home": "<span style=\"color: green; font-weight: bold;\">35</span>", "away": "<span style=\"color: red;\">14</span>"}, {"label": "Red Cards", "home": "", "away": ""}], "date": "02-11-2025", "cover_status": "NO CUBIERTO"}, "last_away": {"home": "Busan Transportation Corporation", "away": "Paju Citizen FC", "score": "1 : 2", "ah": "0", "ou": "-", "stats_rows": [{"label": "Tiros", "home": "<span style=\"color: red;\">6</span>", "away": "<span style=\"color: green; font-weight: bold;\">11</span>"}, {"label": "Tiros a Puerta", "home": "<span style=\"color: red;\">2</span>", "away": "<span style=\"color: green; font-weight: bold;\">6</span>"}, {"label": "Ataques", "home": "<span style=\"color: red;\">80</span>", "away": "<span style=\"color: green; font-weight: bold;\">94</span>"}, {"label": "Ataques Peligrosos", "home": "<span style=\"color: red;\">39</span>", "away": "<span style=\"color: green; font-weight: bold;\">56</span>"}, {"label": "Red Cards", "home": "", "away": ""}], "date": "26-10-2025", "cover_status": "indeterminado"}, "h2h_col3": {"home": "Gangneung City", "away": "Busan Transportation Corporation", "score": "2 : 1", "ah": "-", "ou": "-", "stats_rows": [{"label": "Tiros", "home": "<span style=\"color: green; font-weight: bold;\">10</span>", "away": "<span style=\"color: red;\">7</span>"}, {"label": "Tiros a Puerta", "home": "<span style=\"color: green; font-weight: bold;\">5</span>", "away": "<span style=\"color: red;\">4</span>"}, {"label": "Ataques", "home": "<span style=\"color: green; font-weight: bold;\">117</span>", "away": "<span style=\"color: red;\">77</span>"}, {"label": "Ataques Peligrosos", "home": "<span style=\"color: green; font-weight: bold;\">89</span>", "away": "<span style=\"color: red;\">57</span>"}, {"label": "Red Cards", "home": "", "away": ""}], "date": "", "cover_status": "indeterminado", "analysis": null}, "h2h_general": {"home": "Paju Citizen FC", "away": "Siheung City", "score": "0 : 4", "ah": "-0.5", "ou": "-", "stats_rows": [{"label": "Tiros", "home": "<span style=\"color: red;\">9</span>", "away": "<span style=\"color: green; font-weight: bold;\">12</span>"}, {"label": "Tiros a Puerta", "home": "<span style=\"color: red;\">2</span>", "away": "<span style=\"color: green; font-weight: bold;\">7</span>"}, {"label": "Ataques", "home": "<span style=\"color: red;\">81</span>", "away": "<span style=\"color: green; font-weight: bold;\">119</span>"}, {"label": "Ataques Peligrosos", "home": "<span style=\"color: red;\">47</span>", "away": "<span style=\"color: green; font-weight: bold;\">78</span>"}, {"label": "Red Cards", "home": "", "away": ""}], "date": null, "cover_status": "CUBIERTO"}}, "comparativas_indirectas": {"left": {"title_home_name": "Siheung City", "title_away_name": "Paju Citizen FC", "home_team": "Siheung City", "away_team": "Busan Transportation Corporation", "score": "0 : 3", "ah": "1", "ou": "-", "localia": "H", "stats_rows": [{"label": "Tiros", "home": "<span style=\"color: green; font-weight: bold;\">15</span>", "away": "<span style=\"color: red;\">11</span>"}, {"label": "Tiros a Puerta", "home": "<span style=\"color: red;\">3</span>", "away": "<span style=\"color: green; font-weight: bold;\">5</span>"}, {"label": "Ataques", "home": "<span style=\"color: green; font-weight: bold;\">80</span>", "away": "<span style=\"color: red;\">77</span>"}, {"label": "Ataques Peligrosos", "home": "<span style=\"color: green; font-weight: bold;\">49</span>", "away": "<span style=\"color: red;\">34</span>"}, {"label": "Red Cards", "home": "", "away": ""}], "cover_status": "NO CUBIERTO", "analysis": "Contra este rival, Siheung City no habría cubierto el handicap"}, "right": {"title_home_name": "Siheung City", "title_away_name": "Paju Citizen FC", "home_team": "Paju Citizen FC", "away_team": "Gangneung City", "score": "2 : 1", "ah": "0", "ou": "-", "localia": "H", "stats_rows": [{"label": "Tiros", "home": "<span style=\"color: green; font-weight: bold;\">7</span>", "away": "<span style=\"color: red;\">4</span>"}, {"label": "Tiros a Puerta", "home": "<span style=\"color: green; font-weight: bold;\">4</span>", "away": "<span style=\"color: red;\">2</span>"}, {"label": "Ataques", "home": "75", "away": "75"}, {"label": "Ataques Peligrosos", "home": "<span style=\"color: red;\">28</span>", "away": "<span style=\"color: green; font-weight: bold;\">44</span>"}, {"label": "Red Cards", "home": "", "away": ""}], "cover_status": "indeterminado", "analysis": "Contra este rival, el resultado para Paju Citizen FC sería indeterminado"}}, "simplified_html": "<div class=\"card\"><div class=\"card-body\"><h6 class=\"card-title\">📊 Análisis Mercado vs. H2H</h6>\n            <div class=\"mb-2\">\n                <strong>Precedente (este estadio):</strong>\n                <div>Resultado: <span class=\"score-value\">3:0</span></div>\n                <div>Mov. Línea: <span class=\"ah-value\">0.75 -> 0.75</span></div>\n                <div>Cobertura AH: <span style='color: green; font-weight: bold;'>CUBIERTO</span></div>\n            </div>\n        <hr>\n                <div class=\"mt-2\">\n                    <strong>Precedente (H2H mǭs reciente):</strong>\n                    <div>Resultado: <span class=\"score-value\">0:4</span></div>\n                    <div>Mov. Lnea: <span class=\"ah-value\">-0.5 -> 0.75</span></div>\n                    <div>Cobertura AH: <span style='color: green; font-weight: bold;'>CUBIERTO</span></div>\n                </div>\n            </div></div>"}