{"match_id": "2737137", "home_team": "Yeoncheon", "away_team": "Namyangju FC", "final_score": null, "match_date": "2025-11-08", "match_time": "13:00", "match_datetime": "2025-11-08 13:00", "recent_indirect_full": {"last_home": {"home": "Yeoncheon", "away": "Pyeongchang FC", "score": "3 : 1", "ah": "-0.5", "ou": "-", "stats_rows": [], "date": "27-09-2025", "cover_status": "CUBIERTO"}, "last_away": {"home": "Daegu FC II", "away": "Namyangju FC", "score": "3 : 0", "ah": "0.25", "ou": "-", "stats_rows": [], "date": "19-10-2025", "cover_status": "indeterminado"}, "h2h_col3": null, "h2h_general": {"home": "Namyangju FC", "away": "Yeoncheon", "score": "3 : 0", "ah": "1.75", "ou": "-", "stats_rows": [], "date": null, "cover_status": "NO CUBIERTO"}}, "comparativas_indirectas": {"left": {"title_home_name": "Yeoncheon", "title_away_name": "Namyangju FC", "home_team": "Daegu FC II", "away_team": "Yeoncheon", "score": "2 : 0", "ah": "1", "ou": "-", "localia": "A", "stats_rows": [], "cover_status": "NO CUBIERTO", "analysis": "Contra este rival, Yeoncheon no habría cubierto el handicap"}, "right": {"title_home_name": "Yeoncheon", "title_away_name": "Namyangju FC", "home_team": "Namyangju FC", "away_team": "Pyeongchang FC", "score": "0 : 0", "ah": "0.25", "ou": "-", "localia": "H", "stats_rows": [], "cover_status": "indeterminado", "analysis": "Contra este rival, el resultado para Namyangju FC sería indeterminado"}}, "simplified_html": "<div class=\"card\"><div class=\"card-body\"><h6 class=\"card-title\">📊 Análisis Mercado vs. H2H</h6>\n            <div class=\"mb-2\">\n                <strong>Precedente (este estadio):</strong>\n                <div>Resultado: <span class=\"score-value\">0:0</span></div>\n                <div>Mov. Línea: <span class=\"ah-value\">-1.25 -> 0.5</span></div>\n                <div>Cobertura AH: <span style='color: red; font-weight: bold;'>NO CUBIERTO</span></div>\n            </div>\n        <hr>\n                <div class=\"mt-2\">\n                    <strong>Precedente (H2H mǭs reciente):</strong>\n                    <div>Resultado: <span class=\"score-value\">3:0</span></div>\n                    <div>Mov. Lnea: <span class=\"ah-value\">1.75 -> 0.5</span></div>\n                    <div>Cobertura AH: <span style='color: red; font-weight: bold;'>NO CUBIERTO</span></div>\n                </div>\n            </div></div>"}