{"match_id": "2741529", "home_team": "Inter Miami CF", "away_team": "Atlanta United", "final_score": null, "match_date": "2025-10-12", "match_time": "07:40", "match_datetime": "2025-10-12 07:40", "recent_indirect_full": {"last_home": {"home": "Inter Miami CF", "away": "New England Revolution", "score": "4 : 1", "ah": "-", "ou": "-", "stats_rows": [{"label": "Tiros", "home": "<span style=\"color: green; font-weight: bold;\">15</span>", "away": "<span style=\"color: red;\">11</span>"}, {"label": "Tiros a Puerta", "home": "<span style=\"color: green; font-weight: bold;\">8</span>", "away": "<span style=\"color: red;\">5</span>"}, {"label": "Ataques", "home": "<span style=\"color: green; font-weight: bold;\">105</span>", "away": "<span style=\"color: red;\">92</span>"}, {"label": "Ataques Peligrosos", "home": "<span style=\"color: green; font-weight: bold;\">60</span>", "away": "<span style=\"color: red;\">49</span>"}, {"label": "Red Cards", "home": "", "away": ""}], "date": "", "cover_status": "NEUTRO"}, "last_away": {"home": "Los Angeles FC", "away": "Atlanta United", "score": "1 : 0", "ah": "-", "ou": "-", "stats_rows": [{"label": "Tiros", "home": "<span style=\"color: green; font-weight: bold;\">15</span>", "away": "<span style=\"color: red;\">3</span>"}, {"label": "Tiros a Puerta", "home": "<span style=\"color: green; font-weight: bold;\">4</span>", "away": "<span style=\"color: red;\">1</span>"}, {"label": "Ataques", "home": "<span style=\"color: green; font-weight: bold;\">126</span>", "away": "<span style=\"color: red;\">94</span>"}, {"label": "Ataques Peligrosos", "home": "<span style=\"color: green; font-weight: bold;\">56</span>", "away": "<span style=\"color: red;\">31</span>"}, {"label": "Red Cards", "home": "", "away": ""}], "date": "", "cover_status": "NEUTRO"}, "h2h_col3": {"home": "New England Revolution", "away": "Los Angeles FC", "score": "0 : 2", "ah": "-", "ou": "-", "stats_rows": [{"label": "Tiros", "home": "<span style=\"color: green; font-weight: bold;\">11</span>", "away": "<span style=\"color: red;\">10</span>"}, {"label": "Tiros a Puerta", "home": "<span style=\"color: red;\">5</span>", "away": "<span style=\"color: green; font-weight: bold;\">6</span>"}, {"label": "Ataques", "home": "<span style=\"color: green; font-weight: bold;\">97</span>", "away": "<span style=\"color: red;\">91</span>"}, {"label": "Ataques Peligrosos", "home": "<span style=\"color: red;\">42</span>", "away": "<span style=\"color: green; font-weight: bold;\">46</span>"}, {"label": "Red Cards", "home": "", "away": ""}], "date": "", "cover_status": "NEUTRO", "analysis": null}, "h2h_general": {"home": "Atlanta United", "away": "Inter Miami CF", "score": "1 : 2", "ah": "-", "ou": "-", "stats_rows": [{"label": "Tiros", "home": "<span style=\"color: red;\">12</span>", "away": "<span style=\"color: green; font-weight: bold;\">13</span>"}, {"label": "Tiros a Puerta", "home": "<span style=\"color: red;\">4</span>", "away": "<span style=\"color: green; font-weight: bold;\">8</span>"}, {"label": "Ataques", "home": "<span style=\"color: red;\">75</span>", "away": "<span style=\"color: green; font-weight: bold;\">77</span>"}, {"label": "Ataques Peligrosos", "home": "<span style=\"color: red;\">40</span>", "away": "<span style=\"color: green; font-weight: bold;\">57</span>"}, {"label": "Red Cards", "home": "", "away": ""}], "date": null, "cover_status": "NEUTRO"}}, "comparativas_indirectas": {"left": null, "right": {"title_home_name": "Inter Miami CF", "title_away_name": "Atlanta United", "home_team": "New England Revolution", "away_team": "Atlanta United", "score": "2 : 0", "ah": "-", "ou": "-", "localia": "A", "stats_rows": [{"label": "Tiros", "home": "<span style=\"color: green; font-weight: bold;\">19</span>", "away": "<span style=\"color: red;\">13</span>"}, {"label": "Tiros a Puerta", "home": "<span style=\"color: green; font-weight: bold;\">7</span>", "away": "<span style=\"color: red;\">4</span>"}, {"label": "Ataques", "home": "<span style=\"color: green; font-weight: bold;\">95</span>", "away": "<span style=\"color: red;\">87</span>"}, {"label": "Ataques Peligrosos", "home": "<span style=\"color: red;\">41</span>", "away": "<span style=\"color: green; font-weight: bold;\">44</span>"}, {"label": "Red Cards", "home": "", "away": ""}], "cover_status": "NEUTRO", "analysis": "Contra este rival, el resultado para Atlanta United sería indeterminado"}}, "simplified_html": ""}