{"match_id": "2741666", "home_team": "Orlando City", "away_team": "Vancouver Whitecaps", "final_score": null, "match_date": "2025-10-12", "match_time": "07:40", "match_datetime": "2025-10-12 07:40", "recent_indirect_full": {"last_home": {"home": "Orlando City", "away": "Columbus Crew", "score": "1 : 1", "ah": "-", "ou": "-", "stats_rows": [{"label": "Tiros", "home": "<span style=\"color: red;\">10</span>", "away": "<span style=\"color: green; font-weight: bold;\">20</span>"}, {"label": "Tiros a Puerta", "home": "<span style=\"color: red;\">4</span>", "away": "<span style=\"color: green; font-weight: bold;\">6</span>"}, {"label": "Ataques", "home": "<span style=\"color: red;\">70</span>", "away": "<span style=\"color: green; font-weight: bold;\">106</span>"}, {"label": "Ataques Peligrosos", "home": "<span style=\"color: red;\">37</span>", "away": "<span style=\"color: green; font-weight: bold;\">67</span>"}, {"label": "Red Cards", "home": "", "away": ""}], "date": "", "cover_status": "NEUTRO"}, "last_away": {"home": "Seattle Sounders", "away": "Vancouver Whitecaps", "score": "2 : 2", "ah": "-", "ou": "-", "stats_rows": [{"label": "Tiros", "home": "9", "away": "9"}, {"label": "Tiros a Puerta", "home": "<span style=\"color: green; font-weight: bold;\">6</span>", "away": "<span style=\"color: red;\">5</span>"}, {"label": "Ataques", "home": "<span style=\"color: green; font-weight: bold;\">83</span>", "away": "<span style=\"color: red;\">74</span>"}, {"label": "Ataques Peligrosos", "home": "<span style=\"color: red;\">33</span>", "away": "<span style=\"color: green; font-weight: bold;\">54</span>"}, {"label": "Red Cards", "home": "", "away": ""}], "date": "", "cover_status": "NEUTRO"}, "h2h_col3": {"home": "Seattle Sounders", "away": "Columbus Crew", "score": "1 : 1", "ah": "-", "ou": "-", "stats_rows": [{"label": "Tiros", "home": "<span style=\"color: red;\">8</span>", "away": "<span style=\"color: green; font-weight: bold;\">9</span>"}, {"label": "Tiros a Puerta", "home": "<span style=\"color: red;\">2</span>", "away": "<span style=\"color: green; font-weight: bold;\">3</span>"}, {"label": "Ataques", "home": "<span style=\"color: green; font-weight: bold;\">91</span>", "away": "<span style=\"color: red;\">87</span>"}, {"label": "Ataques Peligrosos", "home": "<span style=\"color: red;\">39</span>", "away": "<span style=\"color: green; font-weight: bold;\">53</span>"}, {"label": "Red Cards", "home": "<span style=\"color: green; font-weight: bold;\">1</span>", "away": "<span style=\"color: red;\">0</span>"}], "date": "", "cover_status": "NEUTRO", "analysis": null}, "h2h_general": {"home": "Orlando City", "away": "Vancouver Whitecaps", "score": "1 : 0", "ah": "-", "ou": "-", "stats_rows": [{"label": "Tiros", "home": "<span style=\"color: green; font-weight: bold;\">16</span>", "away": "<span style=\"color: red;\">6</span>"}, {"label": "Tiros a Puerta", "home": "<span style=\"color: green; font-weight: bold;\">4</span>", "away": "<span style=\"color: red;\">2</span>"}, {"label": "Ataques", "home": "<span style=\"color: green; font-weight: bold;\">134</span>", "away": "<span style=\"color: red;\">70</span>"}, {"label": "Ataques Peligrosos", "home": "<span style=\"color: green; font-weight: bold;\">94</span>", "away": "<span style=\"color: red;\">47</span>"}, {"label": "Red Cards", "home": "", "away": ""}], "date": null, "cover_status": "NEUTRO"}}, "comparativas_indirectas": {"left": null, "right": {"title_home_name": "Orlando City", "title_away_name": "Vancouver Whitecaps", "home_team": "Columbus Crew", "away_team": "Vancouver Whitecaps", "score": "2 : 1", "ah": "-", "ou": "-", "localia": "A", "stats_rows": [{"label": "Tiros", "home": "<span style=\"color: green; font-weight: bold;\">11</span>", "away": "<span style=\"color: red;\">8</span>"}, {"label": "Tiros a Puerta", "home": "<span style=\"color: green; font-weight: bold;\">8</span>", "away": "<span style=\"color: red;\">3</span>"}, {"label": "Ataques", "home": "<span style=\"color: green; font-weight: bold;\">113</span>", "away": "<span style=\"color: red;\">83</span>"}, {"label": "Ataques Peligrosos", "home": "<span style=\"color: green; font-weight: bold;\">54</span>", "away": "<span style=\"color: red;\">26</span>"}, {"label": "Red Cards", "home": "", "away": ""}], "cover_status": "NEUTRO", "analysis": "Contra este rival, el resultado para Vancouver Whitecaps sería indeterminado"}}, "simplified_html": ""}