{"match_id": "2769772", "home_team": "South East FC", "away_team": "Point Michel FC", "final_score": null, "match_date": "2025-10-12", "match_time": "06:30", "match_datetime": "2025-10-12 06:30", "recent_indirect_full": {"last_home": {"home": "South East FC", "away": "We United FC", "score": "0 : 1", "ah": "0.5", "ou": "-", "stats_rows": [{"label": "Red Cards", "home": "", "away": ""}], "date": "24-08-2025", "cover_status": "NO CUBIERTO"}, "last_away": {"home": "Middleham United FC", "away": "Point Michel FC", "score": "7 : 4", "ah": "0.75", "ou": "-", "stats_rows": [{"label": "Tiros", "home": "<span style=\"color: green; font-weight: bold;\">24</span>", "away": "<span style=\"color: red;\">13</span>"}, {"label": "Tiros a Puerta", "home": "<span style=\"color: green; font-weight: bold;\">17</span>", "away": "<span style=\"color: red;\">8</span>"}, {"label": "Ataques", "home": "<span style=\"color: green; font-weight: bold;\">80</span>", "away": "<span style=\"color: red;\">65</span>"}, {"label": "Ataques Peligrosos", "home": "<span style=\"color: green; font-weight: bold;\">63</span>", "away": "<span style=\"color: red;\">51</span>"}, {"label": "Red Cards", "home": "", "away": ""}], "date": "04-08-2025", "cover_status": "indeterminado"}, "h2h_col3": {"home": "We United FC", "away": "Middleham United FC", "score": "3 : 0", "ah": "1.5", "ou": "-", "stats_rows": [{"label": "Tiros", "home": "<span style=\"color: green; font-weight: bold;\">14</span>", "away": "<span style=\"color: red;\">10</span>"}, {"label": "Tiros a Puerta", "home": "<span style=\"color: green; font-weight: bold;\">7</span>", "away": "<span style=\"color: red;\">2</span>"}, {"label": "Ataques", "home": "<span style=\"color: green; font-weight: bold;\">93</span>", "away": "<span style=\"color: red;\">79</span>"}, {"label": "Ataques Peligrosos", "home": "<span style=\"color: green; font-weight: bold;\">73</span>", "away": "<span style=\"color: red;\">52</span>"}, {"label": "Red Cards", "home": "", "away": ""}], "date": "14-07-2025", "cover_status": "indeterminado", "analysis": null}, "h2h_general": {"home": "Point Michel FC", "away": "South East FC", "score": "3 : 7", "ah": "-1.75", "ou": "-", "stats_rows": [{"label": "Tiros", "home": "<span style=\"color: red;\">7</span>", "away": "<span style=\"color: green; font-weight: bold;\">15</span>"}, {"label": "Tiros a Puerta", "home": "<span style=\"color: red;\">4</span>", "away": "<span style=\"color: green; font-weight: bold;\">9</span>"}, {"label": "Ataques", "home": "67", "away": "67"}, {"label": "Ataques Peligrosos", "home": "<span style=\"color: green; font-weight: bold;\">63</span>", "away": "<span style=\"color: red;\">55</span>"}, {"label": "Red Cards", "home": "1", "away": "1"}], "date": null, "cover_status": "CUBIERTO"}}, "comparativas_indirectas": {"left": {"title_home_name": "South East FC", "title_away_name": "Point Michel FC", "home_team": "Middleham United FC", "away_team": "South East FC", "score": "3 : 4", "ah": "-1", "ou": "-", "localia": "A", "stats_rows": [{"label": "Tiros", "home": "<span style=\"color: red;\">3</span>", "away": "<span style=\"color: green; font-weight: bold;\">4</span>"}, {"label": "Tiros a Puerta", "home": "<span style=\"color: red;\">3</span>", "away": "<span style=\"color: green; font-weight: bold;\">4</span>"}, {"label": "Red Cards", "home": "", "away": ""}], "cover_status": "NO CUBIERTO", "analysis": "Contra este rival, South East FC no habría cubierto el handicap"}, "right": {"title_home_name": "South East FC", "title_away_name": "Point Michel FC", "home_team": "Point Michel FC", "away_team": "We United FC", "score": "3 : 4", "ah": "-3.25", "ou": "-", "localia": "H", "stats_rows": [{"label": "Tiros", "home": "<span style=\"color: red;\">12</span>", "away": "<span style=\"color: green; font-weight: bold;\">15</span>"}, {"label": "Tiros a Puerta", "home": "<span style=\"color: red;\">7</span>", "away": "<span style=\"color: green; font-weight: bold;\">10</span>"}, {"label": "Ataques", "home": "<span style=\"color: red;\">60</span>", "away": "<span style=\"color: green; font-weight: bold;\">62</span>"}, {"label": "Ataques Peligrosos", "home": "<span style=\"color: green; font-weight: bold;\">52</span>", "away": "<span style=\"color: red;\">48</span>"}, {"label": "Red Cards", "home": "<span style=\"color: green; font-weight: bold;\">1</span>", "away": "<span style=\"color: red;\">0</span>"}], "cover_status": "indeterminado", "analysis": "Contra este rival, el resultado para Point Michel FC sería indeterminado"}}, "simplified_html": "<div class=\"card\"><div class=\"card-body\"><h6 class=\"card-title\">📊 Análisis Mercado vs. H2H</h6>\n            <div class=\"mb-2\">\n                <strong>Precedente (este estadio):</strong>\n                <div>Resultado: <span class=\"score-value\">6:2</span></div>\n                <div>Mov. Línea: <span class=\"ah-value\">0.25 -> 2.5</span></div>\n                <div>Cobertura AH: <span style='color: green; font-weight: bold;'>CUBIERTO</span></div>\n            </div>\n        <hr>\n                <div class=\"mt-2\">\n                    <strong>Precedente (H2H mǭs reciente):</strong>\n                    <div>Resultado: <span class=\"score-value\">3:7</span></div>\n                    <div>Mov. L��nea: <span class=\"ah-value\">-1.75 -> 2.5</span></div>\n                    <div>Cobertura AH: <span style='color: green; font-weight: bold;'>CUBIERTO</span></div>\n                </div>\n            </div></div>"}