{"match_id": "2788991", "home_team": "Kazincbarcika", "away_team": "Ferencvarosi TC", "final_score": null, "match_date": "2025-11-09", "match_time": "22:15", "match_datetime": "2025-11-09 22:15", "recent_indirect_full": {"last_home": {"home": "Kazincbarcika", "away": "Puskas Akademia", "score": "1 : 3", "ah": "-1.25", "ou": "-", "stats_rows": [{"label": "Tiros", "home": "<span style=\"color: red;\">8</span>", "away": "<span style=\"color: green; font-weight: bold;\">13</span>"}, {"label": "Tiros a Puerta", "home": "<span style=\"color: red;\">2</span>", "away": "<span style=\"color: green; font-weight: bold;\">7</span>"}, {"label": "Ataques", "home": "<span style=\"color: red;\">107</span>", "away": "<span style=\"color: green; font-weight: bold;\">112</span>"}, {"label": "Ataques Peligrosos", "home": "<span style=\"color: green; font-weight: bold;\">55</span>", "away": "<span style=\"color: red;\">48</span>"}, {"label": "Red Cards", "home": "", "away": ""}], "date": "01-11-2025", "cover_status": "indeterminado"}, "last_away": {"home": "Ujpesti", "away": "Ferencvarosi TC", "score": "1 : 1", "ah": "-0.75", "ou": "-", "stats_rows": [{"label": "Tiros", "home": "<span style=\"color: green; font-weight: bold;\">13</span>", "away": "<span style=\"color: red;\">9</span>"}, {"label": "Tiros a Puerta", "home": "<span style=\"color: green; font-weight: bold;\">4</span>", "away": "<span style=\"color: red;\">1</span>"}, {"label": "Ataques", "home": "<span style=\"color: red;\">89</span>", "away": "<span style=\"color: green; font-weight: bold;\">112</span>"}, {"label": "Ataques Peligrosos", "home": "<span style=\"color: red;\">68</span>", "away": "<span style=\"color: green; font-weight: bold;\">77</span>"}, {"label": "Red Cards", "home": "<span style=\"color: red;\">0</span>", "away": "<span style=\"color: green; font-weight: bold;\">1</span>"}], "date": "19-10-2025", "cover_status": "NO CUBIERTO"}, "h2h_col3": {"home": "Puskas Akademia", "away": "Ujpesti", "score": "0 : 0", "ah": "-", "ou": "-", "stats_rows": [{"label": "Tiros", "home": "<span style=\"color: green; font-weight: bold;\">16</span>", "away": "<span style=\"color: red;\">10</span>"}, {"label": "Tiros a Puerta", "home": "<span style=\"color: red;\">3</span>", "away": "<span style=\"color: green; font-weight: bold;\">5</span>"}, {"label": "Ataques", "home": "<span style=\"color: green; font-weight: bold;\">95</span>", "away": "<span style=\"color: red;\">90</span>"}, {"label": "Ataques Peligrosos", "home": "<span style=\"color: green; font-weight: bold;\">69</span>", "away": "<span style=\"color: red;\">61</span>"}, {"label": "Red Cards", "home": "", "away": ""}], "date": "", "cover_status": "indeterminado", "analysis": null}, "h2h_general": {"home": "Ferencvarosi TC", "away": "Kazincbarcika", "score": "3 : 0", "ah": "2", "ou": "-", "stats_rows": [{"label": "Tiros", "home": "<span style=\"color: green; font-weight: bold;\">19</span>", "away": "<span style=\"color: red;\">10</span>"}, {"label": "Tiros a Puerta", "home": "<span style=\"color: green; font-weight: bold;\">10</span>", "away": "<span style=\"color: red;\">2</span>"}, {"label": "Ataques", "home": "<span style=\"color: green; font-weight: bold;\">141</span>", "away": "<span style=\"color: red;\">69</span>"}, {"label": "Ataques Peligrosos", "home": "<span style=\"color: green; font-weight: bold;\">64</span>", "away": "<span style=\"color: red;\">27</span>"}, {"label": "Red Cards", "home": "", "away": ""}], "date": null, "cover_status": "CUBIERTO"}}, "comparativas_indirectas": {"left": {"title_home_name": "Kazincbarcika", "title_away_name": "Ferencvarosi TC", "home_team": "Kazincbarcika", "away_team": "Ujpesti", "score": "2 : 0", "ah": "-0.5", "ou": "-", "localia": "H", "stats_rows": [{"label": "Tiros", "home": "<span style=\"color: red;\">10</span>", "away": "<span style=\"color: green; font-weight: bold;\">17</span>"}, {"label": "Tiros a Puerta", "home": "<span style=\"color: green; font-weight: bold;\">6</span>", "away": "<span style=\"color: red;\">5</span>"}, {"label": "Ataques", "home": "<span style=\"color: red;\">79</span>", "away": "<span style=\"color: green; font-weight: bold;\">103</span>"}, {"label": "Ataques Peligrosos", "home": "<span style=\"color: red;\">31</span>", "away": "<span style=\"color: green; font-weight: bold;\">50</span>"}, {"label": "Red Cards", "home": "", "away": ""}], "cover_status": "indeterminado", "analysis": "Contra este rival, el resultado para Kazincbarcika sería indeterminado"}, "right": {"title_home_name": "Kazincbarcika", "title_away_name": "Ferencvarosi TC", "home_team": "Ferencvarosi TC", "away_team": "Puskas Akademia", "score": "1 : 2", "ah": "1", "ou": "-", "localia": "H", "stats_rows": [{"label": "Tiros", "home": "<span style=\"color: green; font-weight: bold;\">19</span>", "away": "<span style=\"color: red;\">13</span>"}, {"label": "Tiros a Puerta", "home": "<span style=\"color: green; font-weight: bold;\">10</span>", "away": "<span style=\"color: red;\">5</span>"}, {"label": "Ataques", "home": "<span style=\"color: green; font-weight: bold;\">113</span>", "away": "<span style=\"color: red;\">83</span>"}, {"label": "Ataques Peligrosos", "home": "<span style=\"color: green; font-weight: bold;\">74</span>", "away": "<span style=\"color: red;\">42</span>"}, {"label": "Red Cards", "home": "", "away": ""}], "cover_status": "NO CUBIERTO", "analysis": "Contra este rival, Ferencvarosi TC no habría cubierto el handicap"}}, "simplified_html": "<div class=\"card\"><div class=\"card-body\"><h6 class=\"card-title\">📊 Análisis Mercado vs. H2H</h6>\n            <div class=\"mb-2\">\n                <strong>Precedente (este estadio):</strong>\n                <div>Resultado: <span class=\"score-value\">1:1</span></div>\n                <div>Mov. Línea: <span class=\"ah-value\">Sin dato -> -1.5</span></div>\n                <div>Cobertura AH: <span style='color: red; font-weight: bold;'>NO CUBIERTO</span></div>\n            </div>\n        <hr>\n                <div class=\"mt-2\">\n                    <strong>Precedente (H2H mǭs reciente):</strong>\n                    <div>Resultado: <span class=\"score-value\">3:0</span></div>\n                    <div>Mov. Lnea: <span class=\"ah-value\">2 -> -1.5</span></div>\n                    <div>Cobertura AH: <span style='color: green; font-weight: bold;'>CUBIERTO</span></div>\n                </div>\n            </div></div>"}