{"match_id": "2790681", "home_team": "Cruz Azul (W)", "away_team": "Santos Laguna (W)", "final_score": null, "match_date": "2025-10-12", "match_time": "05:45", "match_datetime": "2025-10-12 05:45", "recent_indirect_full": {"last_home": {"home": "Cruz Azul (W)", "away": "Tijuana (W)", "score": "4 : 3", "ah": "0.25", "ou": "-", "stats_rows": [{"label": "Tiros", "home": "20", "away": "20"}, {"label": "Tiros a Puerta", "home": "<span style=\"color: green; font-weight: bold;\">10</span>", "away": "<span style=\"color: red;\">9</span>"}, {"label": "Ataques", "home": "<span style=\"color: green; font-weight: bold;\">106</span>", "away": "<span style=\"color: red;\">94</span>"}, {"label": "Ataques Peligrosos", "home": "<span style=\"color: green; font-weight: bold;\">93</span>", "away": "<span style=\"color: red;\">77</span>"}, {"label": "Red Cards", "home": "", "away": ""}], "date": "04-10-2025", "cover_status": "NO CUBIERTO"}, "last_away": {"home": "Leon (W)", "away": "Santos Laguna (W)", "score": "5 : 0", "ah": "1.25", "ou": "-", "stats_rows": [{"label": "Tiros", "home": "<span style=\"color: red;\">15</span>", "away": "<span style=\"color: green; font-weight: bold;\">20</span>"}, {"label": "Tiros a Puerta", "home": "<span style=\"color: red;\">5</span>", "away": "<span style=\"color: green; font-weight: bold;\">7</span>"}, {"label": "Ataques", "home": "103", "away": "103"}, {"label": "Ataques Peligrosos", "home": "<span style=\"color: green; font-weight: bold;\">66</span>", "away": "<span style=\"color: red;\">58</span>"}, {"label": "Red Cards", "home": "", "away": ""}], "date": "23-09-2025", "cover_status": "indeterminado"}, "h2h_col3": {"home": "Leon (W)", "away": "Tijuana (W)", "score": "1 : 1", "ah": "0.25", "ou": "-", "stats_rows": [{"label": "Tiros", "home": "<span style=\"color: green; font-weight: bold;\">15</span>", "away": "<span style=\"color: red;\">13</span>"}, {"label": "Tiros a Puerta", "home": "7", "away": "7"}, {"label": "Ataques", "home": "<span style=\"color: red;\">88</span>", "away": "<span style=\"color: green; font-weight: bold;\">90</span>"}, {"label": "Ataques Peligrosos", "home": "<span style=\"color: green; font-weight: bold;\">58</span>", "away": "<span style=\"color: red;\">50</span>"}, {"label": "Red Cards", "home": "", "away": ""}], "date": "13-07-2025", "cover_status": "indeterminado", "analysis": null}, "h2h_general": {"home": "Santos Laguna (W)", "away": "Cruz Azul (W)", "score": "0 : 1", "ah": "-1", "ou": "-", "stats_rows": [{"label": "Tiros", "home": "<span style=\"color: red;\">4</span>", "away": "<span style=\"color: green; font-weight: bold;\">13</span>"}, {"label": "Tiros a Puerta", "home": "<span style=\"color: red;\">1</span>", "away": "<span style=\"color: green; font-weight: bold;\">8</span>"}, {"label": "Ataques", "home": "<span style=\"color: red;\">67</span>", "away": "<span style=\"color: green; font-weight: bold;\">113</span>"}, {"label": "Ataques Peligrosos", "home": "<span style=\"color: red;\">30</span>", "away": "<span style=\"color: green; font-weight: bold;\">76</span>"}, {"label": "Red Cards", "home": "", "away": ""}], "date": null, "cover_status": "NO CUBIERTO"}}, "comparativas_indirectas": {"left": {"title_home_name": "Cruz Azul (W)", "title_away_name": "Santos Laguna (W)", "home_team": "Cruz Azul (W)", "away_team": "Leon (W)", "score": "1 : 2", "ah": "1.25", "ou": "-", "localia": "H", "stats_rows": [{"label": "Tiros", "home": "<span style=\"color: red;\">8</span>", "away": "<span style=\"color: green; font-weight: bold;\">9</span>"}, {"label": "Tiros a Puerta", "home": "<span style=\"color: red;\">4</span>", "away": "<span style=\"color: green; font-weight: bold;\">7</span>"}, {"label": "Ataques", "home": "<span style=\"color: green; font-weight: bold;\">99</span>", "away": "<span style=\"color: red;\">78</span>"}, {"label": "Ataques Peligrosos", "home": "<span style=\"color: green; font-weight: bold;\">82</span>", "away": "<span style=\"color: red;\">42</span>"}, {"label": "Red Cards", "home": "", "away": ""}], "cover_status": "NO CUBIERTO", "analysis": "Contra este rival, Cruz Azul (W) no habría cubierto el handicap"}, "right": {"title_home_name": "Cruz Azul (W)", "title_away_name": "Santos Laguna (W)", "home_team": "Tijuana (W)", "away_team": "Santos Laguna (W)", "score": "1 : 1", "ah": "1.25", "ou": "-", "localia": "A", "stats_rows": [{"label": "Tiros", "home": "<span style=\"color: green; font-weight: bold;\">21</span>", "away": "<span style=\"color: red;\">12</span>"}, {"label": "Tiros a Puerta", "home": "<span style=\"color: green; font-weight: bold;\">10</span>", "away": "<span style=\"color: red;\">3</span>"}, {"label": "Ataques", "home": "<span style=\"color: green; font-weight: bold;\">43</span>", "away": "<span style=\"color: red;\">26</span>"}, {"label": "Ataques Peligrosos", "home": "<span style=\"color: green; font-weight: bold;\">59</span>", "away": "<span style=\"color: red;\">27</span>"}, {"label": "Red Cards", "home": "", "away": ""}], "cover_status": "indeterminado", "analysis": "Contra este rival, el resultado para Santos Laguna (W) sería indeterminado"}}, "simplified_html": "<div class=\"card\"><div class=\"card-body\"><h6 class=\"card-title\">📊 Análisis Mercado vs. H2H</h6>\n            <div class=\"mb-2\">\n                <strong>Precedente (este estadio):</strong>\n                <div>Resultado: <span class=\"score-value\">4:1</span></div>\n                <div>Mov. Línea: <span class=\"ah-value\">1.5 -> 2.25</span></div>\n                <div>Cobertura AH: <span style='color: green; font-weight: bold;'>CUBIERTO</span></div>\n            </div>\n        <hr>\n                <div class=\"mt-2\">\n                    <strong>Precedente (H2H mǭs reciente):</strong>\n                    <div>Resultado: <span class=\"score-value\">0:1</span></div>\n                    <div>Mov. L��nea: <span class=\"ah-value\">-1 -> 2.25</span></div>\n                    <div>Cobertura AH: <span style='color: red; font-weight: bold;'>NO CUBIERTO</span></div>\n                </div>\n            </div></div>"}