{"match_id": "2790682", "home_team": "Juarez FC (W)", "away_team": "Club Necaxa (W)", "final_score": null, "match_date": "2025-10-12", "match_time": "05:45", "match_datetime": "2025-10-12 05:45", "recent_indirect_full": {"last_home": {"home": "Juarez FC (W)", "away": "Tigres (W)", "score": "0 : 0", "ah": "-1.5", "ou": "-", "stats_rows": [{"label": "Tiros", "home": "<span style=\"color: green; font-weight: bold;\">3</span>", "away": "<span style=\"color: red;\">2</span>"}, {"label": "Tiros a Puerta", "home": "<span style=\"color: red;\">0</span>", "away": "<span style=\"color: green; font-weight: bold;\">1</span>"}, {"label": "Ataques", "home": "<span style=\"color: red;\">61</span>", "away": "<span style=\"color: green; font-weight: bold;\">82</span>"}, {"label": "Ataques Peligrosos", "home": "<span style=\"color: red;\">43</span>", "away": "<span style=\"color: green; font-weight: bold;\">57</span>"}, {"label": "Red Cards", "home": "", "away": ""}], "date": "20-09-2025", "cover_status": "NO CUBIERTO"}, "last_away": {"home": "Queretaro (W)", "away": "Club Necaxa (W)", "score": "1 : 0", "ah": "1.5", "ou": "-", "stats_rows": [{"label": "Tiros", "home": "<span style=\"color: green; font-weight: bold;\">1</span>", "away": "<span style=\"color: red;\">0</span>"}, {"label": "Tiros a Puerta", "home": "<span style=\"color: green; font-weight: bold;\">1</span>", "away": "<span style=\"color: red;\">0</span>"}, {"label": "Ataques", "home": "<span style=\"color: green; font-weight: bold;\">129</span>", "away": "<span style=\"color: red;\">84</span>"}, {"label": "Ataques Peligrosos", "home": "<span style=\"color: green; font-weight: bold;\">104</span>", "away": "<span style=\"color: red;\">61</span>"}, {"label": "Red Cards", "home": "<span style=\"color: red;\">0</span>", "away": "<span style=\"color: green; font-weight: bold;\">1</span>"}], "date": "04-10-2025", "cover_status": "indeterminado"}, "h2h_col3": {"home": "Queretaro (W)", "away": "Tigres (W)", "score": "0 : 7", "ah": "-2.25", "ou": "-", "stats_rows": [{"label": "Red Cards", "home": "", "away": ""}], "date": "26-08-2025", "cover_status": "indeterminado", "analysis": null}, "h2h_general": {"home": "Juarez FC (W)", "away": "Club Necaxa (W)", "score": "1 : 0", "ah": "2.75", "ou": "-", "stats_rows": [{"label": "Tiros", "home": "<span style=\"color: green; font-weight: bold;\">3</span>", "away": "<span style=\"color: red;\">1</span>"}, {"label": "Tiros a Puerta", "home": "<span style=\"color: green; font-weight: bold;\">2</span>", "away": "<span style=\"color: red;\">1</span>"}, {"label": "Ataques", "home": "<span style=\"color: green; font-weight: bold;\">113</span>", "away": "<span style=\"color: red;\">35</span>"}, {"label": "Ataques Peligrosos", "home": "<span style=\"color: green; font-weight: bold;\">90</span>", "away": "<span style=\"color: red;\">12</span>"}, {"label": "Red Cards", "home": "", "away": ""}], "date": null, "cover_status": "NO CUBIERTO"}}, "comparativas_indirectas": {"left": null, "right": {"title_home_name": "Juarez FC (W)", "title_away_name": "Club Necaxa (W)", "home_team": "Tigres (W)", "away_team": "Club Necaxa (W)", "score": "4 : 0", "ah": "3.25", "ou": "-", "localia": "A", "stats_rows": [{"label": "Tiros", "home": "<span style=\"color: green; font-weight: bold;\">24</span>", "away": "<span style=\"color: red;\">1</span>"}, {"label": "Tiros a Puerta", "home": "<span style=\"color: green; font-weight: bold;\">14</span>", "away": "<span style=\"color: red;\">0</span>"}, {"label": "Ataques", "home": "<span style=\"color: green; font-weight: bold;\">83</span>", "away": "<span style=\"color: red;\">6</span>"}, {"label": "Ataques Peligrosos", "home": "<span style=\"color: green; font-weight: bold;\">88</span>", "away": "<span style=\"color: red;\">5</span>"}, {"label": "Red Cards", "home": "", "away": ""}], "cover_status": "indeterminado", "analysis": "Contra este rival, el resultado para Club Necaxa (W) sería indeterminado"}}, "simplified_html": "<div class=\"card\"><div class=\"card-body\"><h6 class=\"card-title\">📊 Análisis Mercado vs. H2H</h6>\n            <div class=\"mb-2\">\n                <strong>Precedente (este estadio):</strong>\n                <div>Resultado: <span class=\"score-value\">1:0</span></div>\n                <div>Mov. Línea: <span class=\"ah-value\">2.75 -> 2.25</span></div>\n                <div>Cobertura AH: <span style='color: red; font-weight: bold;'>NO CUBIERTO</span></div>\n            </div>\n        \n                <div class=\"mt-2\">\n                    <strong>Precedente (H2H mǭs reciente):</strong>\n                    <div>Resultado: <span class=\"score-value\">1:0</span></div>\n                    <div>Mov. L��nea: <span class=\"ah-value\">2.75 -> 2.25</span></div>\n                    <div>Cobertura AH: <span style='color: red; font-weight: bold;'>NO CUBIERTO</span></div>\n                </div>\n            </div></div>"}