{"match_id": "2806134", "home_team": "Al Shahaniya", "away_team": "Al Rayyan", "final_score": null, "match_date": "2025-11-09", "match_time": "22:30", "match_datetime": "2025-11-09 22:30", "recent_indirect_full": {"last_home": {"home": "Al Shahaniya", "away": "Al-Sailiya", "score": "0 : 1", "ah": "0.25", "ou": "-", "stats_rows": [{"label": "Tiros", "home": "<span style=\"color: green; font-weight: bold;\">22</span>", "away": "<span style=\"color: red;\">6</span>"}, {"label": "Tiros a Puerta", "home": "<span style=\"color: green; font-weight: bold;\">8</span>", "away": "<span style=\"color: red;\">3</span>"}, {"label": "Ataques", "home": "<span style=\"color: green; font-weight: bold;\">88</span>", "away": "<span style=\"color: red;\">74</span>"}, {"label": "Ataques Peligrosos", "home": "<span style=\"color: green; font-weight: bold;\">45</span>", "away": "<span style=\"color: red;\">25</span>"}, {"label": "Red Cards", "home": "", "away": ""}], "date": "26-10-2025", "cover_status": "indeterminado"}, "last_away": {"home": "Al-Sadd", "away": "Al Rayyan", "score": "5 : 1", "ah": "-0.25", "ou": "-", "stats_rows": [{"label": "Tiros", "home": "<span style=\"color: green; font-weight: bold;\">21</span>", "away": "<span style=\"color: red;\">2</span>"}, {"label": "Tiros a Puerta", "home": "<span style=\"color: green; font-weight: bold;\">8</span>", "away": "<span style=\"color: red;\">1</span>"}, {"label": "Ataques", "home": "<span style=\"color: green; font-weight: bold;\">110</span>", "away": "<span style=\"color: red;\">33</span>"}, {"label": "Ataques Peligrosos", "home": "<span style=\"color: green; font-weight: bold;\">49</span>", "away": "<span style=\"color: red;\">15</span>"}, {"label": "Red Cards", "home": "<span style=\"color: red;\">0</span>", "away": "<span style=\"color: green; font-weight: bold;\">2</span>"}], "date": "30-10-2025", "cover_status": "NO CUBIERTO"}, "h2h_col3": null, "h2h_general": {"home": "Al Shahaniya", "away": "Al Rayyan", "score": "2 : 1", "ah": "-1", "ou": "-", "stats_rows": [{"label": "Tiros", "home": "<span style=\"color: red;\">5</span>", "away": "<span style=\"color: green; font-weight: bold;\">17</span>"}, {"label": "Tiros a Puerta", "home": "<span style=\"color: red;\">3</span>", "away": "<span style=\"color: green; font-weight: bold;\">6</span>"}, {"label": "Ataques", "home": "<span style=\"color: red;\">85</span>", "away": "<span style=\"color: green; font-weight: bold;\">117</span>"}, {"label": "Ataques Peligrosos", "home": "<span style=\"color: red;\">30</span>", "away": "<span style=\"color: green; font-weight: bold;\">101</span>"}, {"label": "Red Cards", "home": "", "away": ""}], "date": null, "cover_status": "NO CUBIERTO"}}, "comparativas_indirectas": {"left": {"title_home_name": "Al Shahaniya", "title_away_name": "Al Rayyan", "home_team": "Al Shahaniya", "away_team": "Al-Sadd", "score": "1 : 0", "ah": "-2", "ou": "-", "localia": "H", "stats_rows": [{"label": "Tiros", "home": "<span style=\"color: red;\">5</span>", "away": "<span style=\"color: green; font-weight: bold;\">19</span>"}, {"label": "Tiros a Puerta", "home": "<span style=\"color: red;\">3</span>", "away": "<span style=\"color: green; font-weight: bold;\">7</span>"}, {"label": "Ataques", "home": "<span style=\"color: red;\">71</span>", "away": "<span style=\"color: green; font-weight: bold;\">117</span>"}, {"label": "Ataques Peligrosos", "home": "<span style=\"color: red;\">40</span>", "away": "<span style=\"color: green; font-weight: bold;\">82</span>"}, {"label": "Red Cards", "home": "", "away": ""}], "cover_status": "indeterminado", "analysis": "Contra este rival, el resultado para Al Shahaniya sería indeterminado"}, "right": {"title_home_name": "Al Shahaniya", "title_away_name": "Al Rayyan", "home_team": "Al Rayyan", "away_team": "Al-Sailiya", "score": "3 : 1", "ah": "1.25", "ou": "-", "localia": "H", "stats_rows": [{"label": "Tiros", "home": "<span style=\"color: green; font-weight: bold;\">19</span>", "away": "<span style=\"color: red;\">2</span>"}, {"label": "Tiros a Puerta", "home": "<span style=\"color: green; font-weight: bold;\">8</span>", "away": "<span style=\"color: red;\">1</span>"}, {"label": "Ataques", "home": "<span style=\"color: green; font-weight: bold;\">115</span>", "away": "<span style=\"color: red;\">62</span>"}, {"label": "Ataques Peligrosos", "home": "<span style=\"color: green; font-weight: bold;\">48</span>", "away": "<span style=\"color: red;\">7</span>"}, {"label": "Red Cards", "home": "", "away": ""}], "cover_status": "CUBIERTO", "analysis": "Contra este rival, Al Rayyan habría cubierto el handicap"}}, "simplified_html": "<div class=\"card\"><div class=\"card-body\"><h6 class=\"card-title\">📊 Análisis Mercado vs. H2H</h6>\n            <div class=\"mb-2\">\n                <strong>Precedente (este estadio):</strong>\n                <div>Resultado: <span class=\"score-value\">2:1</span></div>\n                <div>Mov. Línea: <span class=\"ah-value\">-1 -> -1</span></div>\n                <div>Cobertura AH: <span style='color: red; font-weight: bold;'>NO CUBIERTO</span></div>\n            </div>\n        \n                <div class=\"mt-2\">\n                    <strong>Precedente (H2H mǭs reciente):</strong>\n                    <div>Resultado: <span class=\"score-value\">2:1</span></div>\n                    <div>Mov. Lnea: <span class=\"ah-value\">-1 -> -1</span></div>\n                    <div>Cobertura AH: <span style='color: red; font-weight: bold;'>NO CUBIERTO</span></div>\n                </div>\n            </div></div>"}