{"match_id": "2822829", "home_team": "SD Atletico Nacional", "away_team": "CA Independente", "final_score": null, "match_date": "2025-11-08", "match_time": "09:00", "match_datetime": "2025-11-08 09:00", "recent_indirect_full": {"last_home": {"home": "SD Atletico Nacional", "away": "CD Universitario", "score": "2 : 0", "ah": "-0.25", "ou": "-", "stats_rows": [{"label": "Tiros", "home": "<span style=\"color: green; font-weight: bold;\">11</span>", "away": "<span style=\"color: red;\">10</span>"}, {"label": "Tiros a Puerta", "home": "<span style=\"color: green; font-weight: bold;\">9</span>", "away": "<span style=\"color: red;\">7</span>"}, {"label": "Ataques", "home": "66", "away": "66"}, {"label": "Ataques Peligrosos", "home": "<span style=\"color: red;\">39</span>", "away": "<span style=\"color: green; font-weight: bold;\">61</span>"}, {"label": "Red Cards", "home": "", "away": ""}], "date": "26-10-2025", "cover_status": "indeterminado"}, "last_away": {"home": "Herrera FC", "away": "CA Independente", "score": "0 : 2", "ah": "-0.75", "ou": "-", "stats_rows": [{"label": "Tiros", "home": "<span style=\"color: red;\">6</span>", "away": "<span style=\"color: green; font-weight: bold;\">9</span>"}, {"label": "Tiros a Puerta", "home": "<span style=\"color: red;\">1</span>", "away": "<span style=\"color: green; font-weight: bold;\">4</span>"}, {"label": "Ataques", "home": "<span style=\"color: red;\">87</span>", "away": "<span style=\"color: green; font-weight: bold;\">89</span>"}, {"label": "Ataques Peligrosos", "home": "<span style=\"color: green; font-weight: bold;\">67</span>", "away": "<span style=\"color: red;\">53</span>"}, {"label": "Red Cards", "home": "", "away": ""}], "date": "18-10-2025", "cover_status": "CUBIERTO"}, "h2h_col3": {"home": "Herrera FC", "away": "CD Universitario", "score": "0 : 0", "ah": "-", "ou": "-", "stats_rows": [{"label": "Tiros", "home": "<span style=\"color: red;\">5</span>", "away": "<span style=\"color: green; font-weight: bold;\">14</span>"}, {"label": "Tiros a Puerta", "home": "<span style=\"color: red;\">1</span>", "away": "<span style=\"color: green; font-weight: bold;\">3</span>"}, {"label": "Ataques", "home": "<span style=\"color: red;\">86</span>", "away": "<span style=\"color: green; font-weight: bold;\">91</span>"}, {"label": "Ataques Peligrosos", "home": "<span style=\"color: red;\">63</span>", "away": "<span style=\"color: green; font-weight: bold;\">66</span>"}, {"label": "Red Cards", "home": "", "away": ""}], "date": "", "cover_status": "indeterminado", "analysis": null}, "h2h_general": {"home": "CA Independente", "away": "SD Atletico Nacional", "score": "3 : 3", "ah": "0.5", "ou": "-", "stats_rows": [{"label": "Tiros", "home": "<span style=\"color: red;\">15</span>", "away": "<span style=\"color: green; font-weight: bold;\">16</span>"}, {"label": "Tiros a Puerta", "home": "7", "away": "7"}, {"label": "Ataques", "home": "<span style=\"color: red;\">71</span>", "away": "<span style=\"color: green; font-weight: bold;\">79</span>"}, {"label": "Ataques Peligrosos", "home": "<span style=\"color: red;\">37</span>", "away": "<span style=\"color: green; font-weight: bold;\">41</span>"}, {"label": "Red Cards", "home": "", "away": ""}], "date": null, "cover_status": "NO CUBIERTO"}}, "comparativas_indirectas": {"left": {"title_home_name": "SD Atletico Nacional", "title_away_name": "CA Independente", "home_team": "Herrera FC", "away_team": "SD Atletico Nacional", "score": "0 : 1", "ah": "0", "ou": "-", "localia": "A", "stats_rows": [{"label": "Tiros", "home": "<span style=\"color: red;\">5</span>", "away": "<span style=\"color: green; font-weight: bold;\">8</span>"}, {"label": "Tiros a Puerta", "home": "<span style=\"color: red;\">3</span>", "away": "<span style=\"color: green; font-weight: bold;\">4</span>"}, {"label": "Ataques", "home": "<span style=\"color: green; font-weight: bold;\">85</span>", "away": "<span style=\"color: red;\">77</span>"}, {"label": "Ataques Peligrosos", "home": "<span style=\"color: red;\">66</span>", "away": "<span style=\"color: green; font-weight: bold;\">68</span>"}, {"label": "Red Cards", "home": "<span style=\"color: green; font-weight: bold;\">2</span>", "away": "<span style=\"color: red;\">0</span>"}], "cover_status": "indeterminado", "analysis": "Contra este rival, el resultado para SD Atletico Nacional sería indeterminado"}, "right": {"title_home_name": "SD Atletico Nacional", "title_away_name": "CA Independente", "home_team": "CA Independente", "away_team": "CD Universitario", "score": "2 : 0", "ah": "0", "ou": "-", "localia": "H", "stats_rows": [{"label": "Tiros", "home": "<span style=\"color: green; font-weight: bold;\">18</span>", "away": "<span style=\"color: red;\">9</span>"}, {"label": "Tiros a Puerta", "home": "<span style=\"color: green; font-weight: bold;\">8</span>", "away": "<span style=\"color: red;\">2</span>"}, {"label": "Ataques", "home": "67", "away": "67"}, {"label": "Ataques Peligrosos", "home": "<span style=\"color: green; font-weight: bold;\">43</span>", "away": "<span style=\"color: red;\">41</span>"}, {"label": "Red Cards", "home": "<span style=\"color: red;\">0</span>", "away": "<span style=\"color: green; font-weight: bold;\">1</span>"}], "cover_status": "CUBIERTO", "analysis": "Contra este rival, CA Independente habría cubierto el handicap"}}, "simplified_html": "<div class=\"card\"><div class=\"card-body\"><h6 class=\"card-title\">📊 Análisis Mercado vs. H2H</h6><p>No hay precedente H2H en este estadio.</p>\n                <div class=\"mt-2\">\n                    <strong>Precedente (H2H mǭs reciente):</strong>\n                    <div>Resultado: <span class=\"score-value\">3:3</span></div>\n                    <div>Mov. Lnea: <span class=\"ah-value\">0.5 -> -0.5</span></div>\n                    <div>Cobertura AH: <span style='color: red; font-weight: bold;'>NO CUBIERTO</span></div>\n                </div>\n            </div></div>"}