{"match_id": "2822831", "home_team": "San Francisco FC", "away_team": "Veraguas FC", "final_score": null, "match_date": "2025-11-08", "match_time": "09:00", "match_datetime": "2025-11-08 09:00", "recent_indirect_full": {"last_home": {"home": "San Francisco FC", "away": "Herrera FC", "score": "1 : 0", "ah": "0.75", "ou": "-", "stats_rows": [{"label": "Tiros", "home": "<span style=\"color: green; font-weight: bold;\">12</span>", "away": "<span style=\"color: red;\">3</span>"}, {"label": "Tiros a Puerta", "home": "<span style=\"color: green; font-weight: bold;\">3</span>", "away": "<span style=\"color: red;\">0</span>"}, {"label": "Ataques", "home": "<span style=\"color: green; font-weight: bold;\">117</span>", "away": "<span style=\"color: red;\">95</span>"}, {"label": "Ataques Peligrosos", "home": "<span style=\"color: green; font-weight: bold;\">71</span>", "away": "<span style=\"color: red;\">42</span>"}, {"label": "Red Cards", "home": "", "away": ""}], "date": "25-10-2025", "cover_status": "CUBIERTO"}, "last_away": {"home": "CA Independente", "away": "Veraguas FC", "score": "3 : 0", "ah": "1", "ou": "-", "stats_rows": [{"label": "Tiros", "home": "<span style=\"color: green; font-weight: bold;\">11</span>", "away": "<span style=\"color: red;\">8</span>"}, {"label": "Tiros a Puerta", "home": "<span style=\"color: green; font-weight: bold;\">7</span>", "away": "<span style=\"color: red;\">2</span>"}, {"label": "Ataques", "home": "72", "away": "72"}, {"label": "Ataques Peligrosos", "home": "<span style=\"color: red;\">31</span>", "away": "<span style=\"color: green; font-weight: bold;\">35</span>"}, {"label": "Red Cards", "home": "", "away": ""}], "date": "27-10-2025", "cover_status": "indeterminado"}, "h2h_col3": {"home": "Herrera FC", "away": "CA Independente", "score": "0 : 2", "ah": "-", "ou": "-", "stats_rows": [{"label": "Tiros", "home": "<span style=\"color: red;\">6</span>", "away": "<span style=\"color: green; font-weight: bold;\">9</span>"}, {"label": "Tiros a Puerta", "home": "<span style=\"color: red;\">1</span>", "away": "<span style=\"color: green; font-weight: bold;\">4</span>"}, {"label": "Ataques", "home": "<span style=\"color: red;\">87</span>", "away": "<span style=\"color: green; font-weight: bold;\">89</span>"}, {"label": "Ataques Peligrosos", "home": "<span style=\"color: green; font-weight: bold;\">67</span>", "away": "<span style=\"color: red;\">53</span>"}, {"label": "Red Cards", "home": "", "away": ""}], "date": "", "cover_status": "indeterminado", "analysis": null}, "h2h_general": {"home": "Veraguas FC", "away": "San Francisco FC", "score": "2 : 3", "ah": "0", "ou": "-", "stats_rows": [{"label": "Tiros", "home": "<span style=\"color: green; font-weight: bold;\">13</span>", "away": "<span style=\"color: red;\">11</span>"}, {"label": "Tiros a Puerta", "home": "6", "away": "6"}, {"label": "Ataques", "home": "<span style=\"color: green; font-weight: bold;\">76</span>", "away": "<span style=\"color: red;\">74</span>"}, {"label": "Ataques Peligrosos", "home": "<span style=\"color: green; font-weight: bold;\">46</span>", "away": "<span style=\"color: red;\">42</span>"}, {"label": "Red Cards", "home": "", "away": ""}], "date": null, "cover_status": "CUBIERTO"}}, "comparativas_indirectas": {"left": {"title_home_name": "San Francisco FC", "title_away_name": "Veraguas FC", "home_team": "CA Independente", "away_team": "San Francisco FC", "score": "0 : 0", "ah": "0.5", "ou": "-", "localia": "A", "stats_rows": [{"label": "Tiros", "home": "<span style=\"color: green; font-weight: bold;\">11</span>", "away": "<span style=\"color: red;\">2</span>"}, {"label": "Tiros a Puerta", "home": "<span style=\"color: green; font-weight: bold;\">3</span>", "away": "<span style=\"color: red;\">0</span>"}, {"label": "Ataques", "home": "<span style=\"color: green; font-weight: bold;\">78</span>", "away": "<span style=\"color: red;\">59</span>"}, {"label": "Ataques Peligrosos", "home": "<span style=\"color: green; font-weight: bold;\">41</span>", "away": "<span style=\"color: red;\">25</span>"}, {"label": "Red Cards", "home": "", "away": ""}], "cover_status": "NO CUBIERTO", "analysis": "Contra este rival, San Francisco FC no habría cubierto el handicap"}, "right": {"title_home_name": "San Francisco FC", "title_away_name": "Veraguas FC", "home_team": "Herrera FC", "away_team": "Veraguas FC", "score": "0 : 2", "ah": "-0.25", "ou": "-", "localia": "A", "stats_rows": [{"label": "Tiros", "home": "<span style=\"color: red;\">6</span>", "away": "<span style=\"color: green; font-weight: bold;\">7</span>"}, {"label": "Tiros a Puerta", "home": "<span style=\"color: red;\">2</span>", "away": "<span style=\"color: green; font-weight: bold;\">6</span>"}, {"label": "Ataques", "home": "<span style=\"color: green; font-weight: bold;\">85</span>", "away": "<span style=\"color: red;\">83</span>"}, {"label": "Ataques Peligrosos", "home": "<span style=\"color: green; font-weight: bold;\">72</span>", "away": "<span style=\"color: red;\">47</span>"}, {"label": "Red Cards", "home": "<span style=\"color: green; font-weight: bold;\">1</span>", "away": "<span style=\"color: red;\">0</span>"}], "cover_status": "indeterminado", "analysis": "Contra este rival, el resultado para Veraguas FC sería indeterminado"}}, "simplified_html": "<div class=\"card\"><div class=\"card-body\"><h6 class=\"card-title\">📊 Análisis Mercado vs. H2H</h6>\n            <div class=\"mb-2\">\n                <strong>Precedente (este estadio):</strong>\n                <div>Resultado: <span class=\"score-value\">4:0</span></div>\n                <div>Mov. Línea: <span class=\"ah-value\">0.5 -> 0.25</span></div>\n                <div>Cobertura AH: <span style='color: green; font-weight: bold;'>CUBIERTO</span></div>\n            </div>\n        <hr>\n                <div class=\"mt-2\">\n                    <strong>Precedente (H2H mǭs reciente):</strong>\n                    <div>Resultado: <span class=\"score-value\">2:3</span></div>\n                    <div>Mov. Lnea: <span class=\"ah-value\">0 -> 0.25</span></div>\n                    <div>Cobertura AH: <span style='color: green; font-weight: bold;'>CUBIERTO</span></div>\n                </div>\n            </div></div>"}