{"match_id": "2824486", "home_team": "CD FAS", "away_team": "Municipal Limeno", "final_score": null, "match_date": "2025-10-12", "match_time": "09:00", "match_datetime": "2025-10-12 09:00", "recent_indirect_full": {"last_home": {"home": "CD FAS", "away": "Fuerte San Francisco", "score": "3 : 0", "ah": "-", "ou": "-", "stats_rows": [{"label": "Tiros", "home": "<span style=\"color: red;\">6</span>", "away": "<span style=\"color: green; font-weight: bold;\">12</span>"}, {"label": "Tiros a Puerta", "home": "5", "away": "5"}, {"label": "Ataques", "home": "<span style=\"color: green; font-weight: bold;\">111</span>", "away": "<span style=\"color: red;\">95</span>"}, {"label": "Ataques Peligrosos", "home": "<span style=\"color: green; font-weight: bold;\">77</span>", "away": "<span style=\"color: red;\">62</span>"}, {"label": "Red Cards", "home": "", "away": ""}], "date": "", "cover_status": "NEUTRO"}, "last_away": {"home": "CD Hercules", "away": "Municipal Limeno", "score": "0 : 1", "ah": "-", "ou": "-", "stats_rows": [{"label": "Tiros", "home": "9", "away": "9"}, {"label": "Tiros a Puerta", "home": "3", "away": "3"}, {"label": "Ataques", "home": "113", "away": "113"}, {"label": "Ataques Peligrosos", "home": "<span style=\"color: red;\">68</span>", "away": "<span style=\"color: green; font-weight: bold;\">76</span>"}, {"label": "Red Cards", "home": "", "away": ""}], "date": "", "cover_status": "NEUTRO"}, "h2h_col3": {"home": "Fuerte San Francisco", "away": "CD Hercules", "score": "0 : 0", "ah": "-", "ou": "-", "stats_rows": [{"label": "Tiros", "home": "<span style=\"color: green; font-weight: bold;\">10</span>", "away": "<span style=\"color: red;\">4</span>"}, {"label": "Tiros a Puerta", "home": "<span style=\"color: green; font-weight: bold;\">4</span>", "away": "<span style=\"color: red;\">1</span>"}, {"label": "Ataques", "home": "<span style=\"color: green; font-weight: bold;\">442</span>", "away": "<span style=\"color: red;\">314</span>"}, {"label": "Ataques Peligrosos", "home": "<span style=\"color: green; font-weight: bold;\">83</span>", "away": "<span style=\"color: red;\">50</span>"}, {"label": "Red Cards", "home": "", "away": ""}], "date": "", "cover_status": "NEUTRO", "analysis": null}, "h2h_general": {"home": "Municipal Limeno", "away": "CD FAS", "score": "1 : 4", "ah": "-", "ou": "-", "stats_rows": [{"label": "Tiros", "home": "<span style=\"color: red;\">6</span>", "away": "<span style=\"color: green; font-weight: bold;\">17</span>"}, {"label": "Tiros a Puerta", "home": "<span style=\"color: red;\">4</span>", "away": "<span style=\"color: green; font-weight: bold;\">7</span>"}, {"label": "Ataques", "home": "<span style=\"color: red;\">90</span>", "away": "<span style=\"color: green; font-weight: bold;\">109</span>"}, {"label": "Ataques Peligrosos", "home": "<span style=\"color: red;\">65</span>", "away": "<span style=\"color: green; font-weight: bold;\">93</span>"}, {"label": "Red Cards", "home": "<span style=\"color: green; font-weight: bold;\">1</span>", "away": "<span style=\"color: red;\">0</span>"}], "date": null, "cover_status": "NEUTRO"}}, "comparativas_indirectas": {"left": {"title_home_name": "CD FAS", "title_away_name": "Municipal Limeno", "home_team": "CD FAS", "away_team": "CD Hercules", "score": "2 : 0", "ah": "-", "ou": "-", "localia": "H", "stats_rows": [{"label": "Tiros", "home": "<span style=\"color: green; font-weight: bold;\">13</span>", "away": "<span style=\"color: red;\">4</span>"}, {"label": "Tiros a Puerta", "home": "<span style=\"color: green; font-weight: bold;\">7</span>", "away": "<span style=\"color: red;\">1</span>"}, {"label": "Ataques", "home": "<span style=\"color: green; font-weight: bold;\">98</span>", "away": "<span style=\"color: red;\">82</span>"}, {"label": "Ataques Peligrosos", "home": "<span style=\"color: green; font-weight: bold;\">71</span>", "away": "<span style=\"color: red;\">36</span>"}, {"label": "Red Cards", "home": "", "away": ""}], "cover_status": "NEUTRO", "analysis": "Contra este rival, el resultado para CD FAS sería indeterminado"}, "right": {"title_home_name": "CD FAS", "title_away_name": "Municipal Limeno", "home_team": "Municipal Limeno", "away_team": "Fuerte San Francisco", "score": "2 : 1", "ah": "-", "ou": "-", "localia": "H", "stats_rows": [{"label": "Tiros", "home": "<span style=\"color: green; font-weight: bold;\">19</span>", "away": "<span style=\"color: red;\">16</span>"}, {"label": "Tiros a Puerta", "home": "<span style=\"color: green; font-weight: bold;\">8</span>", "away": "<span style=\"color: red;\">4</span>"}, {"label": "Ataques", "home": "<span style=\"color: green; font-weight: bold;\">121</span>", "away": "<span style=\"color: red;\">114</span>"}, {"label": "Ataques Peligrosos", "home": "<span style=\"color: red;\">56</span>", "away": "<span style=\"color: green; font-weight: bold;\">69</span>"}, {"label": "Red Cards", "home": "", "away": ""}], "cover_status": "NEUTRO", "analysis": "Contra este rival, el resultado para Municipal Limeno sería indeterminado"}}, "simplified_html": ""}