{"match_id": "2826246", "home_team": "PSBS Biak", "away_team": "Persita Tangerang", "final_score": null, "match_date": "2025-11-06", "match_time": "16:30", "match_datetime": "2025-11-06 16:30", "recent_indirect_full": {"last_home": {"home": "PSBS Biak", "away": "Persebaya Surabaya", "score": "0 : 0", "ah": "-0.5", "ou": "-", "stats_rows": [{"label": "Tiros", "home": "<span style=\"color: green; font-weight: bold;\">28</span>", "away": "<span style=\"color: red;\">6</span>"}, {"label": "Tiros a Puerta", "home": "4", "away": "4"}, {"label": "Ataques", "home": "<span style=\"color: green; font-weight: bold;\">108</span>", "away": "<span style=\"color: red;\">86</span>"}, {"label": "Ataques Peligrosos", "home": "<span style=\"color: green; font-weight: bold;\">108</span>", "away": "<span style=\"color: red;\">44</span>"}, {"label": "Red Cards", "home": "<span style=\"color: red;\">1</span>", "away": "<span style=\"color: green; font-weight: bold;\">2</span>"}], "date": "24-10-2025", "cover_status": "indeterminado"}, "last_away": {"home": "Bhayangkara Solo FC", "away": "Persita Tangerang", "score": "1 : 1", "ah": "0.25", "ou": "-", "stats_rows": [{"label": "Tiros", "home": "<span style=\"color: green; font-weight: bold;\">11</span>", "away": "<span style=\"color: red;\">10</span>"}, {"label": "Tiros a Puerta", "home": "<span style=\"color: green; font-weight: bold;\">6</span>", "away": "<span style=\"color: red;\">4</span>"}, {"label": "Ataques", "home": "<span style=\"color: green; font-weight: bold;\">83</span>", "away": "<span style=\"color: red;\">71</span>"}, {"label": "Ataques Peligrosos", "home": "<span style=\"color: green; font-weight: bold;\">46</span>", "away": "<span style=\"color: red;\">39</span>"}, {"label": "Red Cards", "home": "", "away": ""}], "date": "01-11-2025", "cover_status": "NO CUBIERTO"}, "h2h_col3": null, "h2h_general": {"home": "Persita Tangerang", "away": "PSBS Biak", "score": "0 : 2", "ah": "-0.25", "ou": "-", "stats_rows": [{"label": "Tiros", "home": "<span style=\"color: red;\">3</span>", "away": "<span style=\"color: green; font-weight: bold;\">9</span>"}, {"label": "Tiros a Puerta", "home": "<span style=\"color: red;\">1</span>", "away": "<span style=\"color: green; font-weight: bold;\">4</span>"}, {"label": "Ataques", "home": "<span style=\"color: red;\">38</span>", "away": "<span style=\"color: green; font-weight: bold;\">45</span>"}, {"label": "Ataques Peligrosos", "home": "<span style=\"color: red;\">21</span>", "away": "<span style=\"color: green; font-weight: bold;\">27</span>"}, {"label": "Red Cards", "home": "<span style=\"color: green; font-weight: bold;\">1</span>", "away": "<span style=\"color: red;\">0</span>"}], "date": null, "cover_status": "NO CUBIERTO"}}, "comparativas_indirectas": {"left": null, "right": {"title_home_name": "PSBS Biak", "title_away_name": "Persita Tangerang", "home_team": "Persita Tangerang", "away_team": "Persebaya Surabaya", "score": "0 : 1", "ah": "-0.25", "ou": "-", "localia": "H", "stats_rows": [{"label": "Tiros", "home": "<span style=\"color: green; font-weight: bold;\">14</span>", "away": "<span style=\"color: red;\">8</span>"}, {"label": "Tiros a Puerta", "home": "4", "away": "4"}, {"label": "Ataques", "home": "<span style=\"color: green; font-weight: bold;\">85</span>", "away": "<span style=\"color: red;\">71</span>"}, {"label": "Ataques Peligrosos", "home": "<span style=\"color: green; font-weight: bold;\">50</span>", "away": "<span style=\"color: red;\">29</span>"}, {"label": "Red Cards", "home": "", "away": ""}], "cover_status": "NO CUBIERTO", "analysis": "Contra este rival, Persita Tangerang no habría cubierto el handicap"}}, "simplified_html": "<div class=\"card\"><div class=\"card-body\"><h6 class=\"card-title\">📊 Análisis Mercado vs. H2H</h6>\n            <div class=\"mb-2\">\n                <strong>Precedente (este estadio):</strong>\n                <div>Resultado: <span class=\"score-value\">1:3</span></div>\n                <div>Mov. Línea: <span class=\"ah-value\">0.75 -> -0.75</span></div>\n                <div>Cobertura AH: <span style='color: green; font-weight: bold;'>CUBIERTO</span></div>\n            </div>\n        <hr>\n                <div class=\"mt-2\">\n                    <strong>Precedente (H2H mǭs reciente):</strong>\n                    <div>Resultado: <span class=\"score-value\">0:2</span></div>\n                    <div>Mov. Lnea: <span class=\"ah-value\">-0.25 -> -0.75</span></div>\n                    <div>Cobertura AH: <span style='color: red; font-weight: bold;'>NO CUBIERTO</span></div>\n                </div>\n            </div></div>"}