{"match_id": "2830416", "home_team": "Dessel Sport", "away_team": "Belisia Bilzen", "final_score": null, "match_date": "2025-10-12", "match_time": "01:30", "match_datetime": "2025-10-12 01:30", "recent_indirect_full": {"last_home": {"home": "Dessel Sport", "away": "Tienen", "score": "1 : 1", "ah": "1", "ou": "-", "stats_rows": [{"label": "Tiros", "home": "<span style=\"color: green; font-weight: bold;\">9</span>", "away": "<span style=\"color: red;\">7</span>"}, {"label": "Tiros a Puerta", "home": "3", "away": "3"}, {"label": "Ataques", "home": "<span style=\"color: green; font-weight: bold;\">90</span>", "away": "<span style=\"color: red;\">59</span>"}, {"label": "Ataques Peligrosos", "home": "<span style=\"color: green; font-weight: bold;\">42</span>", "away": "<span style=\"color: red;\">25</span>"}, {"label": "Red Cards", "home": "", "away": ""}], "date": "20-09-2025", "cover_status": "indeterminado"}, "last_away": {"home": "Thes Sport", "away": "Belisia Bilzen", "score": "1 : 1", "ah": "0.25", "ou": "-", "stats_rows": [{"label": "Tiros", "home": "<span style=\"color: red;\">5</span>", "away": "<span style=\"color: green; font-weight: bold;\">14</span>"}, {"label": "Tiros a Puerta", "home": "<span style=\"color: red;\">2</span>", "away": "<span style=\"color: green; font-weight: bold;\">6</span>"}, {"label": "Ataques", "home": "<span style=\"color: red;\">66</span>", "away": "<span style=\"color: green; font-weight: bold;\">76</span>"}, {"label": "Ataques Peligrosos", "home": "<span style=\"color: red;\">34</span>", "away": "<span style=\"color: green; font-weight: bold;\">36</span>"}, {"label": "Red Cards", "home": "", "away": ""}], "date": "03-10-2025", "cover_status": "NO CUBIERTO"}, "h2h_col3": {"home": "Tienen", "away": "Thes Sport", "score": "3 : 2", "ah": "0.5", "ou": "-", "stats_rows": [{"label": "Tiros", "home": "<span style=\"color: green; font-weight: bold;\">10</span>", "away": "<span style=\"color: red;\">8</span>"}, {"label": "Tiros a Puerta", "home": "<span style=\"color: green; font-weight: bold;\">6</span>", "away": "<span style=\"color: red;\">3</span>"}, {"label": "Ataques", "home": "<span style=\"color: green; font-weight: bold;\">113</span>", "away": "<span style=\"color: red;\">110</span>"}, {"label": "Ataques Peligrosos", "home": "<span style=\"color: red;\">54</span>", "away": "<span style=\"color: green; font-weight: bold;\">56</span>"}, {"label": "Red Cards", "home": "", "away": ""}], "date": "09-02-2025", "cover_status": "indeterminado", "analysis": null}, "h2h_general": {"home": "Dessel Sport", "away": "Belisia Bilzen", "score": "0 : 0", "ah": "0.25", "ou": "-", "stats_rows": [{"label": "Tiros", "home": "<span style=\"color: green; font-weight: bold;\">7</span>", "away": "<span style=\"color: red;\">6</span>"}, {"label": "Tiros a Puerta", "home": "<span style=\"color: green; font-weight: bold;\">3</span>", "away": "<span style=\"color: red;\">0</span>"}, {"label": "Ataques", "home": "<span style=\"color: green; font-weight: bold;\">95</span>", "away": "<span style=\"color: red;\">86</span>"}, {"label": "Ataques Peligrosos", "home": "<span style=\"color: green; font-weight: bold;\">57</span>", "away": "<span style=\"color: red;\">39</span>"}, {"label": "Red Cards", "home": "", "away": ""}], "date": null, "cover_status": "NO CUBIERTO"}}, "comparativas_indirectas": {"left": {"title_home_name": "Dessel Sport", "title_away_name": "Belisia Bilzen", "home_team": "Thes Sport", "away_team": "Dessel Sport", "score": "1 : 1", "ah": "0", "ou": "-", "localia": "A", "stats_rows": [{"label": "Tiros", "home": "<span style=\"color: red;\">10</span>", "away": "<span style=\"color: green; font-weight: bold;\">14</span>"}, {"label": "Tiros a Puerta", "home": "4", "away": "4"}, {"label": "Ataques", "home": "<span style=\"color: red;\">72</span>", "away": "<span style=\"color: green; font-weight: bold;\">87</span>"}, {"label": "Ataques Peligrosos", "home": "<span style=\"color: red;\">32</span>", "away": "<span style=\"color: green; font-weight: bold;\">49</span>"}, {"label": "Red Cards", "home": "", "away": ""}], "cover_status": "indeterminado", "analysis": "Contra este rival, el resultado para Dessel Sport sería indeterminado"}, "right": null}, "simplified_html": "<div class=\"card\"><div class=\"card-body\"><h6 class=\"card-title\">📊 Análisis Mercado vs. H2H</h6>\n            <div class=\"mb-2\">\n                <strong>Precedente (este estadio):</strong>\n                <div>Resultado: <span class=\"score-value\">0:0</span></div>\n                <div>Mov. Línea: <span class=\"ah-value\">0.25 -> -1</span></div>\n                <div>Cobertura AH: <span style='color: red; font-weight: bold;'>NO CUBIERTO</span></div>\n            </div>\n        \n                <div class=\"mt-2\">\n                    <strong>Precedente (H2H mǭs reciente):</strong>\n                    <div>Resultado: <span class=\"score-value\">0:0</span></div>\n                    <div>Mov. L��nea: <span class=\"ah-value\">0.25 -> -1</span></div>\n                    <div>Cobertura AH: <span style='color: red; font-weight: bold;'>NO CUBIERTO</span></div>\n                </div>\n            </div></div>"}