{"match_id": "2830222", "home_team": "St. Gilloise B", "away_team": "Schaerbeek Evere", "final_score": null, "match_date": "2025-10-12", "match_time": "01:30", "match_datetime": "2025-10-12 01:30", "recent_indirect_full": {"last_home": {"home": "St. Gilloise B", "away": "RAEC Mons", "score": "1 : 2", "ah": "-0.75", "ou": "-", "stats_rows": [{"label": "Tiros", "home": "<span style=\"color: red;\">7</span>", "away": "<span style=\"color: green; font-weight: bold;\">9</span>"}, {"label": "Tiros a Puerta", "home": "<span style=\"color: red;\">1</span>", "away": "<span style=\"color: green; font-weight: bold;\">5</span>"}, {"label": "Ataques", "home": "<span style=\"color: red;\">74</span>", "away": "<span style=\"color: green; font-weight: bold;\">93</span>"}, {"label": "Ataques Peligrosos", "home": "<span style=\"color: green; font-weight: bold;\">35</span>", "away": "<span style=\"color: red;\">25</span>"}, {"label": "Red Cards", "home": "", "away": ""}], "date": "20-09-2025", "cover_status": "NO CUBIERTO"}, "last_away": {"home": "RAEC Mons", "away": "Schaerbeek Evere", "score": "2 : 1", "ah": "-", "ou": "-", "stats_rows": [{"label": "Red Cards", "home": "", "away": ""}], "date": "27-09-2025", "cover_status": "indeterminado"}, "h2h_col3": null, "h2h_general": {"home": "Local (H2H Gen)", "away": "Visitante (H2H Gen)", "score": "? : ?", "ah": "-", "ou": "-", "stats_rows": [], "date": null, "cover_status": "NEUTRO"}}, "comparativas_indirectas": {"left": {"title_home_name": "St. Gilloise B", "title_away_name": "Schaerbeek Evere", "home_team": "St. Gilloise B", "away_team": "RAEC Mons", "score": "1 : 2", "ah": "-0.75", "ou": "-", "localia": "H", "stats_rows": [{"label": "Tiros", "home": "<span style=\"color: red;\">7</span>", "away": "<span style=\"color: green; font-weight: bold;\">9</span>"}, {"label": "Tiros a Puerta", "home": "<span style=\"color: red;\">1</span>", "away": "<span style=\"color: green; font-weight: bold;\">5</span>"}, {"label": "Ataques", "home": "<span style=\"color: red;\">74</span>", "away": "<span style=\"color: green; font-weight: bold;\">93</span>"}, {"label": "Ataques Peligrosos", "home": "<span style=\"color: green; font-weight: bold;\">35</span>", "away": "<span style=\"color: red;\">25</span>"}, {"label": "Red Cards", "home": "", "away": ""}], "cover_status": "NO CUBIERTO", "analysis": "Contra este rival, St. Gilloise B no habría cubierto el handicap"}, "right": {"title_home_name": "St. Gilloise B", "title_away_name": "Schaerbeek Evere", "home_team": "RAEC Mons", "away_team": "Schaerbeek Evere", "score": "2 : 1", "ah": "-", "ou": "-", "localia": "A", "stats_rows": [{"label": "Red Cards", "home": "", "away": ""}], "cover_status": "indeterminado", "analysis": "Contra este rival, el resultado para Schaerbeek Evere sería indeterminado"}}, "simplified_html": "<div class=\"card\"><div class=\"card-body\"><h6 class=\"card-title\">📊 Análisis Mercado vs. H2H</h6><p>No hay precedente H2H en este estadio.</p></div></div>"}