{"match_id": "2837854", "home_team": "2 de Mayo PJC", "away_team": "Cerro Porteno", "final_score": null, "match_date": "2025-10-12", "match_time": "04:30", "match_datetime": "2025-10-12 04:30", "recent_indirect_full": {"last_home": {"home": "2 de Mayo PJC", "away": "General Caballero LJM", "score": "2 : 0", "ah": "0.25", "ou": "-", "stats_rows": [{"label": "Tiros", "home": "<span style=\"color: green; font-weight: bold;\">16</span>", "away": "<span style=\"color: red;\">12</span>"}, {"label": "Tiros a Puerta", "home": "4", "away": "4"}, {"label": "Ataques", "home": "<span style=\"color: red;\">76</span>", "away": "<span style=\"color: green; font-weight: bold;\">83</span>"}, {"label": "Ataques Peligrosos", "home": "<span style=\"color: green; font-weight: bold;\">43</span>", "away": "<span style=\"color: red;\">37</span>"}, {"label": "Red Cards", "home": "", "away": ""}], "date": "28-09-2025", "cover_status": "indeterminado"}, "last_away": {"home": "Sportivo Luqueno", "away": "Cerro Porteno", "score": "0 : 1", "ah": "-0.75", "ou": "-", "stats_rows": [{"label": "Tiros", "home": "<span style=\"color: green; font-weight: bold;\">14</span>", "away": "<span style=\"color: red;\">12</span>"}, {"label": "Tiros a Puerta", "home": "<span style=\"color: green; font-weight: bold;\">5</span>", "away": "<span style=\"color: red;\">4</span>"}, {"label": "Ataques", "home": "<span style=\"color: red;\">87</span>", "away": "<span style=\"color: green; font-weight: bold;\">106</span>"}, {"label": "Ataques Peligrosos", "home": "<span style=\"color: red;\">34</span>", "away": "<span style=\"color: green; font-weight: bold;\">43</span>"}, {"label": "Red Cards", "home": "", "away": ""}], "date": "27-09-2025", "cover_status": "CUBIERTO"}, "h2h_col3": {"home": "General Caballero LJM", "away": "Sportivo Luqueno", "score": "5 : 2", "ah": "0", "ou": "-", "stats_rows": [{"label": "Tiros", "home": "<span style=\"color: green; font-weight: bold;\">19</span>", "away": "<span style=\"color: red;\">15</span>"}, {"label": "Tiros a Puerta", "home": "<span style=\"color: green; font-weight: bold;\">9</span>", "away": "<span style=\"color: red;\">4</span>"}, {"label": "Ataques", "home": "<span style=\"color: red;\">66</span>", "away": "<span style=\"color: green; font-weight: bold;\">73</span>"}, {"label": "Ataques Peligrosos", "home": "<span style=\"color: green; font-weight: bold;\">36</span>", "away": "<span style=\"color: red;\">30</span>"}, {"label": "Red Cards", "home": "", "away": ""}], "date": "19-09-2025", "cover_status": "indeterminado", "analysis": null}, "h2h_general": {"home": "Cerro Porteno", "away": "2 de Mayo PJC", "score": "3 : 2", "ah": "1", "ou": "-", "stats_rows": [{"label": "Tiros", "home": "<span style=\"color: green; font-weight: bold;\">17</span>", "away": "<span style=\"color: red;\">6</span>"}, {"label": "Tiros a Puerta", "home": "<span style=\"color: green; font-weight: bold;\">8</span>", "away": "<span style=\"color: red;\">3</span>"}, {"label": "Ataques", "home": "<span style=\"color: green; font-weight: bold;\">90</span>", "away": "<span style=\"color: red;\">74</span>"}, {"label": "Ataques Peligrosos", "home": "<span style=\"color: green; font-weight: bold;\">43</span>", "away": "<span style=\"color: red;\">37</span>"}, {"label": "Red Cards", "home": "<span style=\"color: red;\">0</span>", "away": "<span style=\"color: green; font-weight: bold;\">1</span>"}], "date": null, "cover_status": "CUBIERTO"}}, "comparativas_indirectas": {"left": {"title_home_name": "2 de Mayo PJC", "title_away_name": "Cerro Porteno", "home_team": "Sportivo Luqueno", "away_team": "2 de Mayo PJC", "score": "0 : 3", "ah": "0", "ou": "-", "localia": "A", "stats_rows": [{"label": "Tiros", "home": "<span style=\"color: red;\">9</span>", "away": "<span style=\"color: green; font-weight: bold;\">12</span>"}, {"label": "Tiros a Puerta", "home": "5", "away": "5"}, {"label": "Ataques", "home": "<span style=\"color: green; font-weight: bold;\">88</span>", "away": "<span style=\"color: red;\">84</span>"}, {"label": "Ataques Peligrosos", "home": "<span style=\"color: green; font-weight: bold;\">50</span>", "away": "<span style=\"color: red;\">40</span>"}, {"label": "Red Cards", "home": "<span style=\"color: green; font-weight: bold;\">1</span>", "away": "<span style=\"color: red;\">0</span>"}], "cover_status": "indeterminado", "analysis": "Contra este rival, el resultado para 2 de Mayo PJC sería indeterminado"}, "right": {"title_home_name": "2 de Mayo PJC", "title_away_name": "Cerro Porteno", "home_team": "General Caballero LJM", "away_team": "Cerro Porteno", "score": "2 : 1", "ah": "-0.75", "ou": "-", "localia": "A", "stats_rows": [{"label": "Tiros", "home": "<span style=\"color: red;\">6</span>", "away": "<span style=\"color: green; font-weight: bold;\">13</span>"}, {"label": "Tiros a Puerta", "home": "<span style=\"color: red;\">2</span>", "away": "<span style=\"color: green; font-weight: bold;\">5</span>"}, {"label": "Ataques", "home": "<span style=\"color: red;\">69</span>", "away": "<span style=\"color: green; font-weight: bold;\">105</span>"}, {"label": "Ataques Peligrosos", "home": "<span style=\"color: red;\">30</span>", "away": "<span style=\"color: green; font-weight: bold;\">54</span>"}, {"label": "Red Cards", "home": "<span style=\"color: green; font-weight: bold;\">2</span>", "away": "<span style=\"color: red;\">0</span>"}], "cover_status": "NO CUBIERTO", "analysis": "Contra este rival, Cerro Porteno no habría cubierto el handicap"}}, "simplified_html": "<div class=\"card\"><div class=\"card-body\"><h6 class=\"card-title\">📊 Análisis Mercado vs. H2H</h6>\n            <div class=\"mb-2\">\n                <strong>Precedente (este estadio):</strong>\n                <div>Resultado: <span class=\"score-value\">1:1</span></div>\n                <div>Mov. Línea: <span class=\"ah-value\">-0.5 -> -0.5</span></div>\n                <div>Cobertura AH: <span style='color: red; font-weight: bold;'>NO CUBIERTO</span></div>\n            </div>\n        <hr>\n                <div class=\"mt-2\">\n                    <strong>Precedente (H2H mǭs reciente):</strong>\n                    <div>Resultado: <span class=\"score-value\">3:2</span></div>\n                    <div>Mov. L��nea: <span class=\"ah-value\">1 -> -0.5</span></div>\n                    <div>Cobertura AH: <span style='color: green; font-weight: bold;'>CUBIERTO</span></div>\n                </div>\n            </div></div>"}