{"match_id": "2837856", "home_team": "Atletico Tembetary", "away_team": "Clud Libertad", "final_score": null, "match_date": "2025-10-12", "match_time": "07:00", "match_datetime": "2025-10-12 07:00", "recent_indirect_full": {"last_home": {"home": "Atletico Tembetary", "away": "Olimpia Asuncion", "score": "0 : 2", "ah": "-", "ou": "-", "stats_rows": [{"label": "Tiros", "home": "<span style=\"color: red;\">8</span>", "away": "<span style=\"color: green; font-weight: bold;\">22</span>"}, {"label": "Tiros a Puerta", "home": "<span style=\"color: red;\">3</span>", "away": "<span style=\"color: green; font-weight: bold;\">5</span>"}, {"label": "Ataques", "home": "<span style=\"color: red;\">89</span>", "away": "<span style=\"color: green; font-weight: bold;\">103</span>"}, {"label": "Ataques Peligrosos", "home": "<span style=\"color: red;\">41</span>", "away": "<span style=\"color: green; font-weight: bold;\">59</span>"}, {"label": "Red Cards", "home": "<span style=\"color: green; font-weight: bold;\">1</span>", "away": "<span style=\"color: red;\">0</span>"}], "date": "", "cover_status": "NEUTRO"}, "last_away": {"home": "FC Nacional Asuncion", "away": "Clud Libertad", "score": "3 : 1", "ah": "-", "ou": "-", "stats_rows": [{"label": "Tiros", "home": "<span style=\"color: green; font-weight: bold;\">17</span>", "away": "<span style=\"color: red;\">14</span>"}, {"label": "Tiros a Puerta", "home": "<span style=\"color: green; font-weight: bold;\">8</span>", "away": "<span style=\"color: red;\">4</span>"}, {"label": "Ataques", "home": "<span style=\"color: red;\">79</span>", "away": "<span style=\"color: green; font-weight: bold;\">90</span>"}, {"label": "Ataques Peligrosos", "home": "<span style=\"color: green; font-weight: bold;\">38</span>", "away": "<span style=\"color: red;\">33</span>"}, {"label": "Red Cards", "home": "<span style=\"color: red;\">0</span>", "away": "<span style=\"color: green; font-weight: bold;\">1</span>"}], "date": "", "cover_status": "NEUTRO"}, "h2h_col3": {"home": "FC Nacional Asuncion", "away": "Olimpia Asuncion", "score": "4 : 1", "ah": "-", "ou": "-", "stats_rows": [{"label": "Tiros", "home": "<span style=\"color: green; font-weight: bold;\">18</span>", "away": "<span style=\"color: red;\">7</span>"}, {"label": "Tiros a Puerta", "home": "<span style=\"color: green; font-weight: bold;\">10</span>", "away": "<span style=\"color: red;\">3</span>"}, {"label": "Ataques", "home": "<span style=\"color: green; font-weight: bold;\">97</span>", "away": "<span style=\"color: red;\">80</span>"}, {"label": "Ataques Peligrosos", "home": "<span style=\"color: red;\">39</span>", "away": "<span style=\"color: green; font-weight: bold;\">47</span>"}, {"label": "Red Cards", "home": "", "away": ""}], "date": "", "cover_status": "NEUTRO", "analysis": null}, "h2h_general": {"home": "Clud Libertad", "away": "Atletico Tembetary", "score": "3 : 1", "ah": "-", "ou": "-", "stats_rows": [{"label": "Tiros", "home": "<span style=\"color: green; font-weight: bold;\">14</span>", "away": "<span style=\"color: red;\">10</span>"}, {"label": "Tiros a Puerta", "home": "<span style=\"color: green; font-weight: bold;\">5</span>", "away": "<span style=\"color: red;\">4</span>"}, {"label": "Ataques", "home": "<span style=\"color: green; font-weight: bold;\">108</span>", "away": "<span style=\"color: red;\">73</span>"}, {"label": "Ataques Peligrosos", "home": "<span style=\"color: green; font-weight: bold;\">48</span>", "away": "<span style=\"color: red;\">23</span>"}, {"label": "Red Cards", "home": "", "away": ""}], "date": null, "cover_status": "NEUTRO"}}, "comparativas_indirectas": {"left": {"title_home_name": "Atletico Tembetary", "title_away_name": "Clud Libertad", "home_team": "FC Nacional Asuncion", "away_team": "Atletico Tembetary", "score": "1 : 1", "ah": "-", "ou": "-", "localia": "A", "stats_rows": [{"label": "Tiros", "home": "13", "away": "13"}, {"label": "Tiros a Puerta", "home": "<span style=\"color: green; font-weight: bold;\">4</span>", "away": "<span style=\"color: red;\">3</span>"}, {"label": "Ataques", "home": "<span style=\"color: red;\">94</span>", "away": "<span style=\"color: green; font-weight: bold;\">100</span>"}, {"label": "Ataques Peligrosos", "home": "34", "away": "34"}, {"label": "Red Cards", "home": "<span style=\"color: green; font-weight: bold;\">2</span>", "away": "<span style=\"color: red;\">0</span>"}], "cover_status": "NEUTRO", "analysis": "Contra este rival, el resultado para Atletico Tembetary sería indeterminado"}, "right": {"title_home_name": "Atletico Tembetary", "title_away_name": "Clud Libertad", "home_team": "Olimpia Asuncion", "away_team": "Clud Libertad", "score": "0 : 0", "ah": "-", "ou": "-", "localia": "A", "stats_rows": [{"label": "Tiros", "home": "<span style=\"color: red;\">15</span>", "away": "<span style=\"color: green; font-weight: bold;\">16</span>"}, {"label": "Tiros a Puerta", "home": "5", "away": "5"}, {"label": "Ataques", "home": "<span style=\"color: red;\">93</span>", "away": "<span style=\"color: green; font-weight: bold;\">102</span>"}, {"label": "Ataques Peligrosos", "home": "<span style=\"color: green; font-weight: bold;\">41</span>", "away": "<span style=\"color: red;\">28</span>"}, {"label": "Red Cards", "home": "", "away": ""}], "cover_status": "NEUTRO", "analysis": "Contra este rival, el resultado para Clud Libertad sería indeterminado"}}, "simplified_html": ""}