{"match_id": "2840803", "home_team": "Cavese", "away_team": "Potenza", "final_score": null, "match_date": "2025-11-08", "match_time": "03:30", "match_datetime": "2025-11-08 03:30", "recent_indirect_full": {"last_home": {"home": "Cavese", "away": "Crotone", "score": "1 : 0", "ah": "-0.25", "ou": "-", "stats_rows": [{"label": "Tiros", "home": "<span style=\"color: red;\">5</span>", "away": "<span style=\"color: green; font-weight: bold;\">9</span>"}, {"label": "Tiros a Puerta", "home": "<span style=\"color: red;\">2</span>", "away": "<span style=\"color: green; font-weight: bold;\">3</span>"}, {"label": "Ataques", "home": "<span style=\"color: red;\">124</span>", "away": "<span style=\"color: green; font-weight: bold;\">269</span>"}, {"label": "Ataques Peligrosos", "home": "<span style=\"color: red;\">36</span>", "away": "<span style=\"color: green; font-weight: bold;\">107</span>"}, {"label": "Red Cards", "home": "", "away": ""}], "date": "25-10-2025", "cover_status": "CUBIERTO"}, "last_away": {"home": "Cosenza Calcio 1914", "away": "Potenza", "score": "3 : 0", "ah": "0.75", "ou": "-", "stats_rows": [{"label": "Red Cards", "home": "", "away": ""}], "date": "26-10-2025", "cover_status": "indeterminado"}, "h2h_col3": {"home": "Crotone", "away": "Cosenza Calcio 1914", "score": "0 : 0", "ah": "-", "ou": "-", "stats_rows": [{"label": "Tiros", "home": "<span style=\"color: green; font-weight: bold;\">13</span>", "away": "<span style=\"color: red;\">11</span>"}, {"label": "Tiros a Puerta", "home": "<span style=\"color: green; font-weight: bold;\">3</span>", "away": "<span style=\"color: red;\">1</span>"}, {"label": "Ataques", "home": "<span style=\"color: green; font-weight: bold;\">112</span>", "away": "<span style=\"color: red;\">97</span>"}, {"label": "Ataques Peligrosos", "home": "<span style=\"color: green; font-weight: bold;\">72</span>", "away": "<span style=\"color: red;\">55</span>"}, {"label": "Red Cards", "home": "", "away": ""}], "date": "", "cover_status": "indeterminado", "analysis": null}, "h2h_general": {"home": "Potenza", "away": "Cavese", "score": "1 : 0", "ah": "0.25", "ou": "-", "stats_rows": [{"label": "Tiros", "home": "12", "away": "12"}, {"label": "Tiros a Puerta", "home": "<span style=\"color: green; font-weight: bold;\">6</span>", "away": "<span style=\"color: red;\">3</span>"}, {"label": "Ataques", "home": "<span style=\"color: green; font-weight: bold;\">99</span>", "away": "<span style=\"color: red;\">98</span>"}, {"label": "Ataques Peligrosos", "home": "<span style=\"color: red;\">28</span>", "away": "<span style=\"color: green; font-weight: bold;\">57</span>"}, {"label": "Red Cards", "home": "", "away": ""}], "date": null, "cover_status": "NO CUBIERTO"}}, "comparativas_indirectas": {"left": null, "right": {"title_home_name": "Cavese", "title_away_name": "Potenza", "home_team": "Potenza", "away_team": "Crotone", "score": "3 : 3", "ah": "-0.25", "ou": "-", "localia": "H", "stats_rows": [{"label": "Tiros", "home": "15", "away": "15"}, {"label": "Tiros a Puerta", "home": "8", "away": "8"}, {"label": "Ataques", "home": "<span style=\"color: red;\">95</span>", "away": "<span style=\"color: green; font-weight: bold;\">97</span>"}, {"label": "Ataques Peligrosos", "home": "<span style=\"color: red;\">43</span>", "away": "<span style=\"color: green; font-weight: bold;\">59</span>"}, {"label": "Red Cards", "home": "", "away": ""}], "cover_status": "indeterminado", "analysis": "Contra este rival, el resultado para Potenza sería indeterminado"}}, "simplified_html": "<div class=\"card\"><div class=\"card-body\"><h6 class=\"card-title\">📊 Análisis Mercado vs. H2H</h6>\n            <div class=\"mb-2\">\n                <strong>Precedente (este estadio):</strong>\n                <div>Resultado: <span class=\"score-value\">0:0</span></div>\n                <div>Mov. Línea: <span class=\"ah-value\">0 -> 0.25</span></div>\n                <div>Cobertura AH: <span style='color: red; font-weight: bold;'>NO CUBIERTO</span></div>\n            </div>\n        <hr>\n                <div class=\"mt-2\">\n                    <strong>Precedente (H2H mǭs reciente):</strong>\n                    <div>Resultado: <span class=\"score-value\">1:0</span></div>\n                    <div>Mov. Lnea: <span class=\"ah-value\">0.25 -> 0.25</span></div>\n                    <div>Cobertura AH: <span style='color: red; font-weight: bold;'>NO CUBIERTO</span></div>\n                </div>\n            </div></div>"}