{"match_id": "2850508", "home_team": "Hantharwady United", "away_team": "Shan United", "final_score": null, "match_date": "2025-11-06", "match_time": "17:00", "match_datetime": "2025-11-06 17:00", "recent_indirect_full": {"last_home": {"home": "Hantharwady United", "away": "Yarmanya United FC", "score": "6 : 0", "ah": "2", "ou": "-", "stats_rows": [{"label": "Tiros", "home": "<span style=\"color: green; font-weight: bold;\">14</span>", "away": "<span style=\"color: red;\">5</span>"}, {"label": "Tiros a Puerta", "home": "<span style=\"color: green; font-weight: bold;\">12</span>", "away": "<span style=\"color: red;\">1</span>"}, {"label": "Ataques", "home": "<span style=\"color: green; font-weight: bold;\">87</span>", "away": "<span style=\"color: red;\">80</span>"}, {"label": "Ataques Peligrosos", "home": "<span style=\"color: green; font-weight: bold;\">52</span>", "away": "<span style=\"color: red;\">31</span>"}, {"label": "Red Cards", "home": "", "away": ""}], "date": "19-09-2025", "cover_status": "indeterminado"}, "last_away": {"home": "Dagon Port", "away": "Shan United", "score": "0 : 3", "ah": "-2.75", "ou": "-", "stats_rows": [{"label": "Red Cards", "home": "", "away": ""}], "date": "26-08-2025", "cover_status": "CUBIERTO"}, "h2h_col3": null, "h2h_general": {"home": "Shan United", "away": "Hantharwady United", "score": "4 : 0", "ah": "1.25", "ou": "-", "stats_rows": [{"label": "Tiros", "home": "<span style=\"color: green; font-weight: bold;\">9</span>", "away": "<span style=\"color: red;\">1</span>"}, {"label": "Tiros a Puerta", "home": "<span style=\"color: green; font-weight: bold;\">9</span>", "away": "<span style=\"color: red;\">1</span>"}, {"label": "Ataques", "home": "<span style=\"color: green; font-weight: bold;\">77</span>", "away": "<span style=\"color: red;\">76</span>"}, {"label": "Ataques Peligrosos", "home": "<span style=\"color: green; font-weight: bold;\">62</span>", "away": "<span style=\"color: red;\">47</span>"}, {"label": "Red Cards", "home": "", "away": ""}], "date": null, "cover_status": "CUBIERTO"}}, "comparativas_indirectas": {"left": {"title_home_name": "Hantharwady United", "title_away_name": "Shan United", "home_team": "Hantharwady United", "away_team": "Dagon Port", "score": "5 : 4", "ah": "1.25", "ou": "-", "localia": "H", "stats_rows": [{"label": "Tiros", "home": "<span style=\"color: green; font-weight: bold;\">20</span>", "away": "<span style=\"color: red;\">18</span>"}, {"label": "Tiros a Puerta", "home": "10", "away": "10"}, {"label": "Ataques", "home": "<span style=\"color: red;\">104</span>", "away": "<span style=\"color: green; font-weight: bold;\">107</span>"}, {"label": "Ataques Peligrosos", "home": "<span style=\"color: green; font-weight: bold;\">83</span>", "away": "<span style=\"color: red;\">77</span>"}, {"label": "Red Cards", "home": "", "away": ""}], "cover_status": "indeterminado", "analysis": "Contra este rival, el resultado para Hantharwady United sería indeterminado"}, "right": null}, "simplified_html": "<div class=\"card\"><div class=\"card-body\"><h6 class=\"card-title\">📊 Análisis Mercado vs. H2H</h6>\n            <div class=\"mb-2\">\n                <strong>Precedente (este estadio):</strong>\n                <div>Resultado: <span class=\"score-value\">0:2</span></div>\n                <div>Mov. Línea: <span class=\"ah-value\">-1 -> -1.25</span></div>\n                <div>Cobertura AH: <span style='color: green; font-weight: bold;'>CUBIERTO</span></div>\n            </div>\n        <hr>\n                <div class=\"mt-2\">\n                    <strong>Precedente (H2H mǭs reciente):</strong>\n                    <div>Resultado: <span class=\"score-value\">4:0</span></div>\n                    <div>Mov. Lnea: <span class=\"ah-value\">1.25 -> -1.25</span></div>\n                    <div>Cobertura AH: <span style='color: green; font-weight: bold;'>CUBIERTO</span></div>\n                </div>\n            </div></div>"}