{"match_id": "2858439", "home_team": "Gualaceo SC", "away_team": "Leones del Norte", "final_score": null, "match_date": "2025-10-12", "match_time": "04:30", "match_datetime": "2025-10-12 04:30", "recent_indirect_full": {"last_home": {"home": "Gualaceo SC", "away": "San Antonio(ECU)", "score": "2 : 2", "ah": "0.5", "ou": "-", "stats_rows": [{"label": "Tiros", "home": "<span style=\"color: green; font-weight: bold;\">16</span>", "away": "<span style=\"color: red;\">15</span>"}, {"label": "Tiros a Puerta", "home": "7", "away": "7"}, {"label": "Ataques", "home": "<span style=\"color: green; font-weight: bold;\">76</span>", "away": "<span style=\"color: red;\">66</span>"}, {"label": "Ataques Peligrosos", "home": "<span style=\"color: green; font-weight: bold;\">70</span>", "away": "<span style=\"color: red;\">64</span>"}, {"label": "Red Cards", "home": "", "away": ""}], "date": "25-09-2025", "cover_status": "NO CUBIERTO"}, "last_away": {"home": "San Antonio(ECU)", "away": "Leones del Norte", "score": "1 : 1", "ah": "0.25", "ou": "-", "stats_rows": [{"label": "Tiros", "home": "<span style=\"color: red;\">10</span>", "away": "<span style=\"color: green; font-weight: bold;\">15</span>"}, {"label": "Tiros a Puerta", "home": "<span style=\"color: red;\">1</span>", "away": "<span style=\"color: green; font-weight: bold;\">7</span>"}, {"label": "Ataques", "home": "<span style=\"color: red;\">66</span>", "away": "<span style=\"color: green; font-weight: bold;\">72</span>"}, {"label": "Ataques Peligrosos", "home": "<span style=\"color: red;\">34</span>", "away": "<span style=\"color: green; font-weight: bold;\">64</span>"}, {"label": "Red Cards", "home": "", "away": ""}], "date": "17-09-2025", "cover_status": "indeterminado"}, "h2h_col3": null, "h2h_general": {"home": "Leones del Norte", "away": "Gualaceo SC", "score": "1 : 2", "ah": "0.75", "ou": "-", "stats_rows": [{"label": "Tiros", "home": "<span style=\"color: green; font-weight: bold;\">15</span>", "away": "<span style=\"color: red;\">5</span>"}, {"label": "Tiros a Puerta", "home": "<span style=\"color: green; font-weight: bold;\">5</span>", "away": "<span style=\"color: red;\">3</span>"}, {"label": "Ataques", "home": "<span style=\"color: green; font-weight: bold;\">95</span>", "away": "<span style=\"color: red;\">63</span>"}, {"label": "Ataques Peligrosos", "home": "<span style=\"color: green; font-weight: bold;\">81</span>", "away": "<span style=\"color: red;\">42</span>"}, {"label": "Red Cards", "home": "<span style=\"color: red;\">0</span>", "away": "<span style=\"color: green; font-weight: bold;\">1</span>"}], "date": null, "cover_status": "CUBIERTO"}}, "comparativas_indirectas": {"left": {"title_home_name": "Gualaceo SC", "title_away_name": "Leones del Norte", "home_team": "Gualaceo SC", "away_team": "San Antonio(ECU)", "score": "2 : 2", "ah": "0.5", "ou": "-", "localia": "H", "stats_rows": [{"label": "Tiros", "home": "<span style=\"color: green; font-weight: bold;\">16</span>", "away": "<span style=\"color: red;\">15</span>"}, {"label": "Tiros a Puerta", "home": "7", "away": "7"}, {"label": "Ataques", "home": "<span style=\"color: green; font-weight: bold;\">76</span>", "away": "<span style=\"color: red;\">66</span>"}, {"label": "Ataques Peligrosos", "home": "<span style=\"color: green; font-weight: bold;\">70</span>", "away": "<span style=\"color: red;\">64</span>"}, {"label": "Red Cards", "home": "", "away": ""}], "cover_status": "NO CUBIERTO", "analysis": "Contra este rival, Gualaceo SC no habría cubierto el handicap"}, "right": {"title_home_name": "Gualaceo SC", "title_away_name": "Leones del Norte", "home_team": "San Antonio(ECU)", "away_team": "Leones del Norte", "score": "1 : 1", "ah": "0.25", "ou": "-", "localia": "A", "stats_rows": [{"label": "Tiros", "home": "<span style=\"color: red;\">10</span>", "away": "<span style=\"color: green; font-weight: bold;\">15</span>"}, {"label": "Tiros a Puerta", "home": "<span style=\"color: red;\">1</span>", "away": "<span style=\"color: green; font-weight: bold;\">7</span>"}, {"label": "Ataques", "home": "<span style=\"color: red;\">66</span>", "away": "<span style=\"color: green; font-weight: bold;\">72</span>"}, {"label": "Ataques Peligrosos", "home": "<span style=\"color: red;\">34</span>", "away": "<span style=\"color: green; font-weight: bold;\">64</span>"}, {"label": "Red Cards", "home": "", "away": ""}], "cover_status": "indeterminado", "analysis": "Contra este rival, el resultado para Leones del Norte sería indeterminado"}}, "simplified_html": "<div class=\"card\"><div class=\"card-body\"><h6 class=\"card-title\">📊 Análisis Mercado vs. H2H</h6>\n            <div class=\"mb-2\">\n                <strong>Precedente (este estadio):</strong>\n                <div>Resultado: <span class=\"score-value\">2:2</span></div>\n                <div>Mov. Línea: <span class=\"ah-value\">0 -> 0.25</span></div>\n                <div>Cobertura AH: <span style='color: red; font-weight: bold;'>NO CUBIERTO</span></div>\n            </div>\n        <hr>\n                <div class=\"mt-2\">\n                    <strong>Precedente (H2H mǭs reciente):</strong>\n                    <div>Resultado: <span class=\"score-value\">1:2</span></div>\n                    <div>Mov. Lnea: <span class=\"ah-value\">0.75 -> 0.25</span></div>\n                    <div>Cobertura AH: <span style='color: green; font-weight: bold;'>CUBIERTO</span></div>\n                </div>\n            </div></div>"}