{"match_id": "2860783", "home_team": "Pohang Steelers", "away_team": "Tampines Rovers FC", "final_score": null, "match_date": "2025-11-06", "match_time": "18:00", "match_datetime": "2025-11-06 18:00", "recent_indirect_full": {"last_home": {"home": "Pohang Steelers", "away": "Kaya FC", "score": "2 : 0", "ah": "2", "ou": "-", "stats_rows": [{"label": "Tiros", "home": "<span style=\"color: green; font-weight: bold;\">18</span>", "away": "<span style=\"color: red;\">4</span>"}, {"label": "Tiros a Puerta", "home": "<span style=\"color: green; font-weight: bold;\">7</span>", "away": "<span style=\"color: red;\">1</span>"}, {"label": "Ataques", "home": "<span style=\"color: green; font-weight: bold;\">120</span>", "away": "<span style=\"color: red;\">64</span>"}, {"label": "Ataques Peligrosos", "home": "<span style=\"color: green; font-weight: bold;\">92</span>", "away": "<span style=\"color: red;\">13</span>"}, {"label": "Red Cards", "home": "", "away": ""}], "date": "02-10-2025", "cover_status": "NO CUBIERTO"}, "last_away": {"home": "Kaya FC", "away": "Tampines Rovers FC", "score": "0 : 3", "ah": "0", "ou": "-", "stats_rows": [{"label": "Tiros", "home": "<span style=\"color: green; font-weight: bold;\">18</span>", "away": "<span style=\"color: red;\">10</span>"}, {"label": "Tiros a Puerta", "home": "<span style=\"color: red;\">2</span>", "away": "<span style=\"color: green; font-weight: bold;\">4</span>"}, {"label": "Ataques", "home": "<span style=\"color: red;\">63</span>", "away": "<span style=\"color: green; font-weight: bold;\">65</span>"}, {"label": "Ataques Peligrosos", "home": "<span style=\"color: green; font-weight: bold;\">58</span>", "away": "<span style=\"color: red;\">53</span>"}, {"label": "Red Cards", "home": "", "away": ""}], "date": "18-09-2025", "cover_status": "indeterminado"}, "h2h_col3": null, "h2h_general": {"home": "Tampines Rovers FC", "away": "Pohang Steelers", "score": "1 : 0", "ah": "-1", "ou": "-", "stats_rows": [{"label": "Tiros", "home": "<span style=\"color: red;\">10</span>", "away": "<span style=\"color: green; font-weight: bold;\">20</span>"}, {"label": "Tiros a Puerta", "home": "<span style=\"color: red;\">6</span>", "away": "<span style=\"color: green; font-weight: bold;\">8</span>"}, {"label": "Ataques", "home": "<span style=\"color: red;\">48</span>", "away": "<span style=\"color: green; font-weight: bold;\">105</span>"}, {"label": "Ataques Peligrosos", "home": "<span style=\"color: red;\">22</span>", "away": "<span style=\"color: green; font-weight: bold;\">92</span>"}, {"label": "Red Cards", "home": "", "away": ""}], "date": null, "cover_status": "NO CUBIERTO"}}, "comparativas_indirectas": {"left": {"title_home_name": "Pohang Steelers", "title_away_name": "Tampines Rovers FC", "home_team": "Pohang Steelers", "away_team": "Kaya FC", "score": "2 : 0", "ah": "2", "ou": "-", "localia": "H", "stats_rows": [{"label": "Tiros", "home": "<span style=\"color: green; font-weight: bold;\">18</span>", "away": "<span style=\"color: red;\">4</span>"}, {"label": "Tiros a Puerta", "home": "<span style=\"color: green; font-weight: bold;\">7</span>", "away": "<span style=\"color: red;\">1</span>"}, {"label": "Ataques", "home": "<span style=\"color: green; font-weight: bold;\">120</span>", "away": "<span style=\"color: red;\">64</span>"}, {"label": "Ataques Peligrosos", "home": "<span style=\"color: green; font-weight: bold;\">92</span>", "away": "<span style=\"color: red;\">13</span>"}, {"label": "Red Cards", "home": "", "away": ""}], "cover_status": "NO CUBIERTO", "analysis": "Contra este rival, Pohang Steelers no habría cubierto el handicap"}, "right": {"title_home_name": "Pohang Steelers", "title_away_name": "Tampines Rovers FC", "home_team": "Kaya FC", "away_team": "Tampines Rovers FC", "score": "0 : 3", "ah": "0", "ou": "-", "localia": "A", "stats_rows": [{"label": "Tiros", "home": "<span style=\"color: green; font-weight: bold;\">18</span>", "away": "<span style=\"color: red;\">10</span>"}, {"label": "Tiros a Puerta", "home": "<span style=\"color: red;\">2</span>", "away": "<span style=\"color: green; font-weight: bold;\">4</span>"}, {"label": "Ataques", "home": "<span style=\"color: red;\">63</span>", "away": "<span style=\"color: green; font-weight: bold;\">65</span>"}, {"label": "Ataques Peligrosos", "home": "<span style=\"color: green; font-weight: bold;\">58</span>", "away": "<span style=\"color: red;\">53</span>"}, {"label": "Red Cards", "home": "", "away": ""}], "cover_status": "indeterminado", "analysis": "Contra este rival, el resultado para Tampines Rovers FC sería indeterminado"}}, "simplified_html": "<div class=\"card\"><div class=\"card-body\"><h6 class=\"card-title\">📊 Análisis Mercado vs. H2H</h6><p>No hay precedente H2H en este estadio.</p>\n                <div class=\"mt-2\">\n                    <strong>Precedente (H2H mǭs reciente):</strong>\n                    <div>Resultado: <span class=\"score-value\">1:0</span></div>\n                    <div>Mov. Lnea: <span class=\"ah-value\">-1 -> 2.25</span></div>\n                    <div>Cobertura AH: <span style='color: red; font-weight: bold;'>NO CUBIERTO</span></div>\n                </div>\n            </div></div>"}