{"match_id": "2860747", "home_team": "FC Macarthur", "away_team": "Cong An Ha Noi", "final_score": null, "match_date": "2025-11-06", "match_time": "15:45", "match_datetime": "2025-11-06 15:45", "recent_indirect_full": {"last_home": {"home": "FC Macarthur", "away": "Beijing Guoan", "score": "3 : 0", "ah": "0.25", "ou": "-", "stats_rows": [{"label": "Tiros", "home": "<span style=\"color: green; font-weight: bold;\">12</span>", "away": "<span style=\"color: red;\">6</span>"}, {"label": "Tiros a Puerta", "home": "<span style=\"color: green; font-weight: bold;\">6</span>", "away": "<span style=\"color: red;\">2</span>"}, {"label": "Ataques", "home": "<span style=\"color: red;\">87</span>", "away": "<span style=\"color: green; font-weight: bold;\">118</span>"}, {"label": "Ataques Peligrosos", "home": "<span style=\"color: green; font-weight: bold;\">55</span>", "away": "<span style=\"color: red;\">50</span>"}, {"label": "Red Cards", "home": "", "away": ""}], "date": "02-10-2025", "cover_status": "CUBIERTO"}, "last_away": {"home": "Beijing Guoan", "away": "Cong An Ha Noi", "score": "2 : 2", "ah": "0.75", "ou": "-", "stats_rows": [{"label": "Tiros", "home": "<span style=\"color: red;\">8</span>", "away": "<span style=\"color: green; font-weight: bold;\">23</span>"}, {"label": "Tiros a Puerta", "home": "<span style=\"color: red;\">2</span>", "away": "<span style=\"color: green; font-weight: bold;\">7</span>"}, {"label": "Ataques", "home": "<span style=\"color: red;\">66</span>", "away": "<span style=\"color: green; font-weight: bold;\">82</span>"}, {"label": "Ataques Peligrosos", "home": "<span style=\"color: red;\">28</span>", "away": "<span style=\"color: green; font-weight: bold;\">79</span>"}, {"label": "Red Cards", "home": "", "away": ""}], "date": "18-09-2025", "cover_status": "indeterminado"}, "h2h_col3": null, "h2h_general": {"home": "Cong An Ha Noi", "away": "FC Macarthur", "score": "1 : 1", "ah": "0.5", "ou": "-", "stats_rows": [{"label": "Tiros", "home": "<span style=\"color: green; font-weight: bold;\">13</span>", "away": "<span style=\"color: red;\">10</span>"}, {"label": "Tiros a Puerta", "home": "<span style=\"color: green; font-weight: bold;\">4</span>", "away": "<span style=\"color: red;\">1</span>"}, {"label": "Ataques", "home": "<span style=\"color: green; font-weight: bold;\">182</span>", "away": "<span style=\"color: red;\">129</span>"}, {"label": "Ataques Peligrosos", "home": "<span style=\"color: green; font-weight: bold;\">127</span>", "away": "<span style=\"color: red;\">84</span>"}, {"label": "Red Cards", "home": "", "away": ""}], "date": null, "cover_status": "NO CUBIERTO"}}, "comparativas_indirectas": {"left": {"title_home_name": "FC Macarthur", "title_away_name": "Cong An Ha Noi", "home_team": "FC Macarthur", "away_team": "Beijing Guoan", "score": "3 : 0", "ah": "0.25", "ou": "-", "localia": "H", "stats_rows": [{"label": "Tiros", "home": "<span style=\"color: green; font-weight: bold;\">12</span>", "away": "<span style=\"color: red;\">6</span>"}, {"label": "Tiros a Puerta", "home": "<span style=\"color: green; font-weight: bold;\">6</span>", "away": "<span style=\"color: red;\">2</span>"}, {"label": "Ataques", "home": "<span style=\"color: red;\">87</span>", "away": "<span style=\"color: green; font-weight: bold;\">118</span>"}, {"label": "Ataques Peligrosos", "home": "<span style=\"color: green; font-weight: bold;\">55</span>", "away": "<span style=\"color: red;\">50</span>"}, {"label": "Red Cards", "home": "", "away": ""}], "cover_status": "CUBIERTO", "analysis": "Contra este rival, FC Macarthur habría cubierto el handicap"}, "right": {"title_home_name": "FC Macarthur", "title_away_name": "Cong An Ha Noi", "home_team": "Beijing Guoan", "away_team": "Cong An Ha Noi", "score": "2 : 2", "ah": "0.75", "ou": "-", "localia": "A", "stats_rows": [{"label": "Tiros", "home": "<span style=\"color: red;\">8</span>", "away": "<span style=\"color: green; font-weight: bold;\">23</span>"}, {"label": "Tiros a Puerta", "home": "<span style=\"color: red;\">2</span>", "away": "<span style=\"color: green; font-weight: bold;\">7</span>"}, {"label": "Ataques", "home": "<span style=\"color: red;\">66</span>", "away": "<span style=\"color: green; font-weight: bold;\">82</span>"}, {"label": "Ataques Peligrosos", "home": "<span style=\"color: red;\">28</span>", "away": "<span style=\"color: green; font-weight: bold;\">79</span>"}, {"label": "Red Cards", "home": "", "away": ""}], "cover_status": "indeterminado", "analysis": "Contra este rival, el resultado para Cong An Ha Noi sería indeterminado"}}, "simplified_html": "<div class=\"card\"><div class=\"card-body\"><h6 class=\"card-title\">📊 Análisis Mercado vs. H2H</h6><p>No hay precedente H2H en este estadio.</p>\n                <div class=\"mt-2\">\n                    <strong>Precedente (H2H mǭs reciente):</strong>\n                    <div>Resultado: <span class=\"score-value\">1:1</span></div>\n                    <div>Mov. Lnea: <span class=\"ah-value\">0.5 -> 0.25</span></div>\n                    <div>Cobertura AH: <span style='color: red; font-weight: bold;'>NO CUBIERTO</span></div>\n                </div>\n            </div></div>"}