{"match_id": "2868588", "home_team": "Al-Nasar", "away_team": "Al-Arabi Club (KUW)", "final_score": null, "match_date": "2025-11-09", "match_time": "22:25", "match_datetime": "2025-11-09 22:25", "recent_indirect_full": {"last_home": {"home": "Al-Nasar", "away": "Al-Jahra", "score": "0 : 1", "ah": "0.25", "ou": "-", "stats_rows": [{"label": "Tiros", "home": "<span style=\"color: green; font-weight: bold;\">9</span>", "away": "<span style=\"color: red;\">5</span>"}, {"label": "Tiros a Puerta", "home": "4", "away": "4"}, {"label": "Ataques", "home": "<span style=\"color: green; font-weight: bold;\">126</span>", "away": "<span style=\"color: red;\">116</span>"}, {"label": "Ataques Peligrosos", "home": "<span style=\"color: green; font-weight: bold;\">74</span>", "away": "<span style=\"color: red;\">66</span>"}, {"label": "Red Cards", "home": "", "away": ""}], "date": "26-10-2025", "cover_status": "indeterminado"}, "last_away": {"home": "Kazma", "away": "Al-Arabi Club (KUW)", "score": "0 : 0", "ah": "-0.75", "ou": "-", "stats_rows": [{"label": "Tiros", "home": "<span style=\"color: green; font-weight: bold;\">9</span>", "away": "<span style=\"color: red;\">4</span>"}, {"label": "Tiros a Puerta", "home": "<span style=\"color: green; font-weight: bold;\">4</span>", "away": "<span style=\"color: red;\">2</span>"}, {"label": "Ataques", "home": "<span style=\"color: red;\">77</span>", "away": "<span style=\"color: green; font-weight: bold;\">131</span>"}, {"label": "Ataques Peligrosos", "home": "<span style=\"color: red;\">41</span>", "away": "<span style=\"color: green; font-weight: bold;\">56</span>"}, {"label": "Red Cards", "home": "", "away": ""}], "date": "27-09-2025", "cover_status": "NO CUBIERTO"}, "h2h_col3": {"home": "Al-Jahra", "away": "Kazma", "score": "2 : 2", "ah": "-", "ou": "-", "stats_rows": [{"label": "Tiros", "home": "<span style=\"color: red;\">3</span>", "away": "<span style=\"color: green; font-weight: bold;\">20</span>"}, {"label": "Tiros a Puerta", "home": "<span style=\"color: red;\">3</span>", "away": "<span style=\"color: green; font-weight: bold;\">4</span>"}, {"label": "Ataques", "home": "<span style=\"color: red;\">83</span>", "away": "<span style=\"color: green; font-weight: bold;\">131</span>"}, {"label": "Ataques Peligrosos", "home": "<span style=\"color: red;\">28</span>", "away": "<span style=\"color: green; font-weight: bold;\">83</span>"}, {"label": "Red Cards", "home": "", "away": ""}], "date": "", "cover_status": "indeterminado", "analysis": null}, "h2h_general": {"home": "Al-Arabi Club (KUW)", "away": "Al-Nasar", "score": "2 : 1", "ah": "1.75", "ou": "-", "stats_rows": [{"label": "Tiros", "home": "<span style=\"color: green; font-weight: bold;\">12</span>", "away": "<span style=\"color: red;\">3</span>"}, {"label": "Tiros a Puerta", "home": "<span style=\"color: green; font-weight: bold;\">5</span>", "away": "<span style=\"color: red;\">1</span>"}, {"label": "Ataques", "home": "<span style=\"color: green; font-weight: bold;\">116</span>", "away": "<span style=\"color: red;\">82</span>"}, {"label": "Ataques Peligrosos", "home": "<span style=\"color: green; font-weight: bold;\">69</span>", "away": "<span style=\"color: red;\">26</span>"}, {"label": "Red Cards", "home": "", "away": ""}], "date": null, "cover_status": "NO CUBIERTO"}}, "comparativas_indirectas": {"left": {"title_home_name": "Al-Nasar", "title_away_name": "Al-Arabi Club (KUW)", "home_team": "Kazma", "away_team": "Al-Nasar", "score": "0 : 0", "ah": "0.5", "ou": "-", "localia": "A", "stats_rows": [{"label": "Red Cards", "home": "", "away": ""}], "cover_status": "indeterminado", "analysis": "Contra este rival, el resultado para Al-Nasar sería indeterminado"}, "right": {"title_home_name": "Al-Nasar", "title_away_name": "Al-Arabi Club (KUW)", "home_team": "Al-Arabi Club (KUW)", "away_team": "Al-Jahra", "score": "4 : 0", "ah": "2", "ou": "-", "localia": "H", "stats_rows": [{"label": "Tiros", "home": "<span style=\"color: green; font-weight: bold;\">10</span>", "away": "<span style=\"color: red;\">8</span>"}, {"label": "Tiros a Puerta", "home": "<span style=\"color: green; font-weight: bold;\">6</span>", "away": "<span style=\"color: red;\">2</span>"}, {"label": "Ataques", "home": "<span style=\"color: red;\">85</span>", "away": "<span style=\"color: green; font-weight: bold;\">100</span>"}, {"label": "Ataques Peligrosos", "home": "42", "away": "42"}, {"label": "Red Cards", "home": "", "away": ""}], "cover_status": "CUBIERTO", "analysis": "Contra este rival, Al-Arabi Club (KUW) habría cubierto el handicap"}}, "simplified_html": "<div class=\"card\"><div class=\"card-body\"><h6 class=\"card-title\">📊 Análisis Mercado vs. H2H</h6>\n            <div class=\"mb-2\">\n                <strong>Precedente (este estadio):</strong>\n                <div>Resultado: <span class=\"score-value\">0:3</span></div>\n                <div>Mov. Línea: <span class=\"ah-value\">-1.25 -> -1.75</span></div>\n                <div>Cobertura AH: <span style='color: green; font-weight: bold;'>CUBIERTO</span></div>\n            </div>\n        <hr>\n                <div class=\"mt-2\">\n                    <strong>Precedente (H2H mǭs reciente):</strong>\n                    <div>Resultado: <span class=\"score-value\">2:1</span></div>\n                    <div>Mov. Lnea: <span class=\"ah-value\">1.75 -> -1.75</span></div>\n                    <div>Cobertura AH: <span style='color: red; font-weight: bold;'>NO CUBIERTO</span></div>\n                </div>\n            </div></div>"}