{"match_id": "2868991", "home_team": "Dreams Metro Gallery", "away_team": "Tuen Mun Football Team", "final_score": null, "match_date": "2025-10-12", "match_time": "13:00", "match_datetime": "2025-10-12 13:00", "recent_indirect_full": {"last_home": {"home": "Dreams Metro Gallery", "away": "Sui Tung", "score": "1 : 1", "ah": "1.25", "ou": "-", "stats_rows": [{"label": "Tiros", "home": "<span style=\"color: red;\">13</span>", "away": "<span style=\"color: green; font-weight: bold;\">14</span>"}, {"label": "Tiros a Puerta", "home": "<span style=\"color: red;\">5</span>", "away": "<span style=\"color: green; font-weight: bold;\">7</span>"}, {"label": "Ataques", "home": "<span style=\"color: green; font-weight: bold;\">61</span>", "away": "<span style=\"color: red;\">48</span>"}, {"label": "Ataques Peligrosos", "home": "<span style=\"color: green; font-weight: bold;\">50</span>", "away": "<span style=\"color: red;\">47</span>"}, {"label": "Red Cards", "home": "", "away": ""}], "date": "05-10-2025", "cover_status": "NO CUBIERTO"}, "last_away": {"home": "Kwai Tsing District FA", "away": "Tuen Mun Football Team", "score": "2 : 1", "ah": "0.25", "ou": "-", "stats_rows": [{"label": "Tiros", "home": "<span style=\"color: green; font-weight: bold;\">14</span>", "away": "<span style=\"color: red;\">5</span>"}, {"label": "Tiros a Puerta", "home": "<span style=\"color: green; font-weight: bold;\">4</span>", "away": "<span style=\"color: red;\">3</span>"}, {"label": "Ataques", "home": "<span style=\"color: green; font-weight: bold;\">97</span>", "away": "<span style=\"color: red;\">66</span>"}, {"label": "Ataques Peligrosos", "home": "<span style=\"color: green; font-weight: bold;\">66</span>", "away": "<span style=\"color: red;\">31</span>"}, {"label": "Red Cards", "home": "", "away": ""}], "date": "05-10-2025", "cover_status": "indeterminado"}, "h2h_col3": null, "h2h_general": {"home": "Dreams Metro Gallery", "away": "Tuen Mun Football Team", "score": "0 : 1", "ah": "0.75", "ou": "-", "stats_rows": [{"label": "Tiros", "home": "<span style=\"color: red;\">7</span>", "away": "<span style=\"color: green; font-weight: bold;\">8</span>"}, {"label": "Tiros a Puerta", "home": "<span style=\"color: green; font-weight: bold;\">3</span>", "away": "<span style=\"color: red;\">2</span>"}, {"label": "Ataques", "home": "<span style=\"color: green; font-weight: bold;\">109</span>", "away": "<span style=\"color: red;\">96</span>"}, {"label": "Ataques Peligrosos", "home": "<span style=\"color: green; font-weight: bold;\">67</span>", "away": "<span style=\"color: red;\">49</span>"}, {"label": "Red Cards", "home": "<span style=\"color: green; font-weight: bold;\">1</span>", "away": "<span style=\"color: red;\">0</span>"}], "date": null, "cover_status": "NO CUBIERTO"}}, "comparativas_indirectas": {"left": {"title_home_name": "Dreams Metro Gallery", "title_away_name": "Tuen Mun Football Team", "home_team": "Dreams Metro Gallery", "away_team": "Kwai Tsing District FA", "score": "2 : 2", "ah": "0.5", "ou": "-", "localia": "H", "stats_rows": [{"label": "Tiros", "home": "<span style=\"color: green; font-weight: bold;\">26</span>", "away": "<span style=\"color: red;\">6</span>"}, {"label": "Tiros a Puerta", "home": "<span style=\"color: green; font-weight: bold;\">9</span>", "away": "<span style=\"color: red;\">4</span>"}, {"label": "Ataques", "home": "<span style=\"color: green; font-weight: bold;\">75</span>", "away": "<span style=\"color: red;\">57</span>"}, {"label": "Ataques Peligrosos", "home": "<span style=\"color: green; font-weight: bold;\">73</span>", "away": "<span style=\"color: red;\">30</span>"}, {"label": "Red Cards", "home": "", "away": ""}], "cover_status": "NO CUBIERTO", "analysis": "Contra este rival, Dreams Metro Gallery no habría cubierto el handicap"}, "right": null}, "simplified_html": "<div class=\"card\"><div class=\"card-body\"><h6 class=\"card-title\">📊 Análisis Mercado vs. H2H</h6>\n            <div class=\"mb-2\">\n                <strong>Precedente (este estadio):</strong>\n                <div>Resultado: <span class=\"score-value\">0:1</span></div>\n                <div>Mov. Línea: <span class=\"ah-value\">0.75 -> 1</span></div>\n                <div>Cobertura AH: <span style='color: red; font-weight: bold;'>NO CUBIERTO</span></div>\n            </div>\n        \n                <div class=\"mt-2\">\n                    <strong>Precedente (H2H mǭs reciente):</strong>\n                    <div>Resultado: <span class=\"score-value\">0:1</span></div>\n                    <div>Mov. Lnea: <span class=\"ah-value\">0.75 -> 1</span></div>\n                    <div>Cobertura AH: <span style='color: red; font-weight: bold;'>NO CUBIERTO</span></div>\n                </div>\n            </div></div>"}