{"match_id": "2874858", "home_team": "South Hobart", "away_team": "Wollongong Wolves", "final_score": null, "match_date": "2025-10-12", "match_time": "10:00", "match_datetime": "2025-10-12 10:00", "recent_indirect_full": {"last_home": null, "last_away": null, "h2h_col3": null, "h2h_general": {"home": "Local (H2H Gen)", "away": "Visitante (H2H Gen)", "score": "? : ?", "ah": "-", "ou": "-", "stats_rows": [], "date": null, "cover_status": "NEUTRO"}}, "comparativas_indirectas": {"left": null, "right": null}, "simplified_html": ""}