{"match_id": "2883328", "home_team": "Club Guabira", "away_team": "Aurora", "final_score": null, "match_date": "2025-10-12", "match_time": "08:00", "match_datetime": "2025-10-12 08:00", "recent_indirect_full": {"last_home": {"home": "Club Guabira", "away": "Always Ready", "score": "3 : 2", "ah": "-", "ou": "-", "stats_rows": [{"label": "Tiros", "home": "<span style=\"color: green; font-weight: bold;\">16</span>", "away": "<span style=\"color: red;\">8</span>"}, {"label": "Tiros a Puerta", "home": "<span style=\"color: green; font-weight: bold;\">6</span>", "away": "<span style=\"color: red;\">3</span>"}, {"label": "Ataques", "home": "<span style=\"color: red;\">71</span>", "away": "<span style=\"color: green; font-weight: bold;\">94</span>"}, {"label": "Ataques Peligrosos", "home": "<span style=\"color: green; font-weight: bold;\">34</span>", "away": "<span style=\"color: red;\">29</span>"}, {"label": "Red Cards", "home": "<span style=\"color: green; font-weight: bold;\">1</span>", "away": "<span style=\"color: red;\">0</span>"}], "date": "", "cover_status": "NEUTRO"}, "last_away": {"home": "Always Ready", "away": "Aurora", "score": "4 : 2", "ah": "-", "ou": "-", "stats_rows": [{"label": "Tiros", "home": "<span style=\"color: green; font-weight: bold;\">14</span>", "away": "<span style=\"color: red;\">10</span>"}, {"label": "Tiros a Puerta", "home": "<span style=\"color: green; font-weight: bold;\">8</span>", "away": "<span style=\"color: red;\">4</span>"}, {"label": "Ataques", "home": "<span style=\"color: green; font-weight: bold;\">70</span>", "away": "<span style=\"color: red;\">56</span>"}, {"label": "Ataques Peligrosos", "home": "<span style=\"color: green; font-weight: bold;\">43</span>", "away": "<span style=\"color: red;\">15</span>"}, {"label": "Red Cards", "home": "", "away": ""}], "date": "", "cover_status": "NEUTRO"}, "h2h_col3": null, "h2h_general": {"home": "Aurora", "away": "Club Guabira", "score": "0 : 2", "ah": "-", "ou": "-", "stats_rows": [{"label": "Tiros", "home": "<span style=\"color: green; font-weight: bold;\">23</span>", "away": "<span style=\"color: red;\">15</span>"}, {"label": "Tiros a Puerta", "home": "<span style=\"color: red;\">5</span>", "away": "<span style=\"color: green; font-weight: bold;\">7</span>"}, {"label": "Ataques", "home": "<span style=\"color: green; font-weight: bold;\">119</span>", "away": "<span style=\"color: red;\">48</span>"}, {"label": "Ataques Peligrosos", "home": "<span style=\"color: green; font-weight: bold;\">60</span>", "away": "<span style=\"color: red;\">31</span>"}, {"label": "Red Cards", "home": "", "away": ""}], "date": null, "cover_status": "NEUTRO"}}, "comparativas_indirectas": {"left": {"title_home_name": "Club Guabira", "title_away_name": "Aurora", "home_team": "Club Guabira", "away_team": "Always Ready", "score": "3 : 2", "ah": "-", "ou": "-", "localia": "H", "stats_rows": [{"label": "Tiros", "home": "<span style=\"color: green; font-weight: bold;\">16</span>", "away": "<span style=\"color: red;\">8</span>"}, {"label": "Tiros a Puerta", "home": "<span style=\"color: green; font-weight: bold;\">6</span>", "away": "<span style=\"color: red;\">3</span>"}, {"label": "Ataques", "home": "<span style=\"color: red;\">71</span>", "away": "<span style=\"color: green; font-weight: bold;\">94</span>"}, {"label": "Ataques Peligrosos", "home": "<span style=\"color: green; font-weight: bold;\">34</span>", "away": "<span style=\"color: red;\">29</span>"}, {"label": "Red Cards", "home": "<span style=\"color: green; font-weight: bold;\">1</span>", "away": "<span style=\"color: red;\">0</span>"}], "cover_status": "NEUTRO", "analysis": "Contra este rival, el resultado para Club Guabira sería indeterminado"}, "right": {"title_home_name": "Club Guabira", "title_away_name": "Aurora", "home_team": "Always Ready", "away_team": "Aurora", "score": "4 : 2", "ah": "-", "ou": "-", "localia": "A", "stats_rows": [{"label": "Tiros", "home": "<span style=\"color: green; font-weight: bold;\">14</span>", "away": "<span style=\"color: red;\">10</span>"}, {"label": "Tiros a Puerta", "home": "<span style=\"color: green; font-weight: bold;\">8</span>", "away": "<span style=\"color: red;\">4</span>"}, {"label": "Ataques", "home": "<span style=\"color: green; font-weight: bold;\">70</span>", "away": "<span style=\"color: red;\">56</span>"}, {"label": "Ataques Peligrosos", "home": "<span style=\"color: green; font-weight: bold;\">43</span>", "away": "<span style=\"color: red;\">15</span>"}, {"label": "Red Cards", "home": "", "away": ""}], "cover_status": "NEUTRO", "analysis": "Contra este rival, el resultado para Aurora sería indeterminado"}}, "simplified_html": ""}