{"match_id": "2885000", "home_team": "Miramar Misiones FC", "away_team": "CA Penarol", "final_score": null, "match_date": "2025-10-12", "match_time": "05:00", "match_datetime": "2025-10-12 05:00", "recent_indirect_full": {"last_home": {"home": "Miramar Misiones FC", "away": "Defensor Sporting Montevideo", "score": "0 : 0", "ah": "-0.25", "ou": "-", "stats_rows": [{"label": "Tiros", "home": "<span style=\"color: red;\">3</span>", "away": "<span style=\"color: green; font-weight: bold;\">4</span>"}, {"label": "Tiros a Puerta", "home": "1", "away": "1"}, {"label": "Ataques", "home": "<span style=\"color: red;\">77</span>", "away": "<span style=\"color: green; font-weight: bold;\">86</span>"}, {"label": "Ataques Peligrosos", "home": "<span style=\"color: red;\">58</span>", "away": "<span style=\"color: green; font-weight: bold;\">65</span>"}, {"label": "Red Cards", "home": "", "away": ""}], "date": "29-09-2025", "cover_status": "indeterminado"}, "last_away": {"home": "Cerro Largo", "away": "CA Penarol", "score": "1 : 3", "ah": "-0.75", "ou": "-", "stats_rows": [{"label": "Tiros", "home": "<span style=\"color: red;\">4</span>", "away": "<span style=\"color: green; font-weight: bold;\">7</span>"}, {"label": "Tiros a Puerta", "home": "<span style=\"color: red;\">1</span>", "away": "<span style=\"color: green; font-weight: bold;\">6</span>"}, {"label": "Ataques", "home": "<span style=\"color: red;\">100</span>", "away": "<span style=\"color: green; font-weight: bold;\">118</span>"}, {"label": "Ataques Peligrosos", "home": "<span style=\"color: red;\">45</span>", "away": "<span style=\"color: green; font-weight: bold;\">62</span>"}, {"label": "Red Cards", "home": "", "away": ""}], "date": "27-09-2025", "cover_status": "CUBIERTO"}, "h2h_col3": {"home": "Cerro Largo", "away": "Defensor Sporting Montevideo", "score": "1 : 0", "ah": "0", "ou": "-", "stats_rows": [{"label": "Tiros", "home": "<span style=\"color: green; font-weight: bold;\">13</span>", "away": "<span style=\"color: red;\">3</span>"}, {"label": "Tiros a Puerta", "home": "<span style=\"color: green; font-weight: bold;\">4</span>", "away": "<span style=\"color: red;\">0</span>"}, {"label": "Ataques", "home": "<span style=\"color: red;\">53</span>", "away": "<span style=\"color: green; font-weight: bold;\">68</span>"}, {"label": "Ataques Peligrosos", "home": "<span style=\"color: green; font-weight: bold;\">47</span>", "away": "<span style=\"color: red;\">38</span>"}, {"label": "Red Cards", "home": "", "away": ""}], "date": "13-09-2025", "cover_status": "indeterminado", "analysis": null}, "h2h_general": {"home": "CA Penarol", "away": "Miramar Misiones FC", "score": "4 : 2", "ah": "1.5", "ou": "-", "stats_rows": [{"label": "Tiros", "home": "<span style=\"color: green; font-weight: bold;\">12</span>", "away": "<span style=\"color: red;\">4</span>"}, {"label": "Tiros a Puerta", "home": "<span style=\"color: green; font-weight: bold;\">6</span>", "away": "<span style=\"color: red;\">3</span>"}, {"label": "Ataques", "home": "<span style=\"color: green; font-weight: bold;\">128</span>", "away": "<span style=\"color: red;\">118</span>"}, {"label": "Ataques Peligrosos", "home": "<span style=\"color: green; font-weight: bold;\">81</span>", "away": "<span style=\"color: red;\">64</span>"}, {"label": "Red Cards", "home": "", "away": ""}], "date": null, "cover_status": "CUBIERTO"}}, "comparativas_indirectas": {"left": {"title_home_name": "Miramar Misiones FC", "title_away_name": "CA Penarol", "home_team": "Miramar Misiones FC", "away_team": "Cerro Largo", "score": "1 : 1", "ah": "-0.25", "ou": "-", "localia": "H", "stats_rows": [{"label": "Tiros", "home": "<span style=\"color: red;\">3</span>", "away": "<span style=\"color: green; font-weight: bold;\">9</span>"}, {"label": "Tiros a Puerta", "home": "<span style=\"color: red;\">2</span>", "away": "<span style=\"color: green; font-weight: bold;\">6</span>"}, {"label": "Ataques", "home": "<span style=\"color: red;\">116</span>", "away": "<span style=\"color: green; font-weight: bold;\">181</span>"}, {"label": "Ataques Peligrosos", "home": "<span style=\"color: red;\">56</span>", "away": "<span style=\"color: green; font-weight: bold;\">113</span>"}, {"label": "Red Cards", "home": "", "away": ""}], "cover_status": "indeterminado", "analysis": "Contra este rival, el resultado para Miramar Misiones FC sería indeterminado"}, "right": null}, "simplified_html": "<div class=\"card\"><div class=\"card-body\"><h6 class=\"card-title\">📊 Análisis Mercado vs. H2H</h6>\n            <div class=\"mb-2\">\n                <strong>Precedente (este estadio):</strong>\n                <div>Resultado: <span class=\"score-value\">1:2</span></div>\n                <div>Mov. Línea: <span class=\"ah-value\">-1 -> -1.25</span></div>\n                <div>Cobertura AH: <span style='color: red; font-weight: bold;'>NO CUBIERTO</span></div>\n            </div>\n        <hr>\n                <div class=\"mt-2\">\n                    <strong>Precedente (H2H mǭs reciente):</strong>\n                    <div>Resultado: <span class=\"score-value\">4:2</span></div>\n                    <div>Mov. Lnea: <span class=\"ah-value\">1.5 -> -1.25</span></div>\n                    <div>Cobertura AH: <span style='color: green; font-weight: bold;'>CUBIERTO</span></div>\n                </div>\n            </div></div>"}