{"match_id": "2886615", "home_team": "Wellington United Diamonds (W)", "away_team": "Eastern Suburbs (W)", "final_score": null, "match_date": "2025-10-12", "match_time": "08:45", "match_datetime": "2025-10-12 08:45", "recent_indirect_full": {"last_home": {"home": "Wellington United Diamonds (W)", "away": "Southern United (NZL)(W)", "score": "1 : 1", "ah": "-", "ou": "-", "stats_rows": [{"label": "Red Cards", "home": "", "away": ""}], "date": "", "cover_status": "NEUTRO"}, "last_away": {"home": "Ellerslie (W)", "away": "Eastern Suburbs (W)", "score": "2 : 8", "ah": "-", "ou": "-", "stats_rows": [{"label": "Tiros", "home": "<span style=\"color: red;\">11</span>", "away": "<span style=\"color: green; font-weight: bold;\">24</span>"}, {"label": "Tiros a Puerta", "home": "<span style=\"color: red;\">7</span>", "away": "<span style=\"color: green; font-weight: bold;\">16</span>"}, {"label": "Ataques", "home": "<span style=\"color: red;\">74</span>", "away": "<span style=\"color: green; font-weight: bold;\">108</span>"}, {"label": "Ataques Peligrosos", "home": "<span style=\"color: red;\">38</span>", "away": "<span style=\"color: green; font-weight: bold;\">71</span>"}, {"label": "Red Cards", "home": "", "away": ""}], "date": "", "cover_status": "NEUTRO"}, "h2h_col3": null, "h2h_general": {"home": "Eastern Suburbs (W)", "away": "Wellington United Diamonds (W)", "score": "0 : 1", "ah": "-", "ou": "-", "stats_rows": [{"label": "Tiros", "home": "<span style=\"color: green; font-weight: bold;\">13</span>", "away": "<span style=\"color: red;\">5</span>"}, {"label": "Tiros a Puerta", "home": "<span style=\"color: green; font-weight: bold;\">5</span>", "away": "<span style=\"color: red;\">3</span>"}, {"label": "Ataques", "home": "<span style=\"color: green; font-weight: bold;\">91</span>", "away": "<span style=\"color: red;\">52</span>"}, {"label": "Ataques Peligrosos", "home": "<span style=\"color: green; font-weight: bold;\">53</span>", "away": "<span style=\"color: red;\">21</span>"}, {"label": "Red Cards", "home": "", "away": ""}], "date": null, "cover_status": "NEUTRO"}}, "comparativas_indirectas": {"left": null, "right": null}, "simplified_html": ""}