{"match_id": "2886508", "home_team": "Loros De Colima", "away_team": "Acatlan", "final_score": null, "match_date": "2025-10-12", "match_time": "06:00", "match_datetime": "2025-10-12 06:00", "recent_indirect_full": {"last_home": {"home": "Loros De Colima", "away": "Reboceros de La Piedad", "score": "3 : 0", "ah": "-0.25", "ou": "-", "stats_rows": [{"label": "Tiros", "home": "<span style=\"color: red;\">7</span>", "away": "<span style=\"color: green; font-weight: bold;\">10</span>"}, {"label": "Tiros a Puerta", "home": "<span style=\"color: green; font-weight: bold;\">6</span>", "away": "<span style=\"color: red;\">0</span>"}, {"label": "Ataques", "home": "<span style=\"color: red;\">52</span>", "away": "<span style=\"color: green; font-weight: bold;\">74</span>"}, {"label": "Ataques Peligrosos", "home": "<span style=\"color: red;\">19</span>", "away": "<span style=\"color: green; font-weight: bold;\">42</span>"}, {"label": "Red Cards", "home": "", "away": ""}], "date": "28-09-2025", "cover_status": "CUBIERTO"}, "last_away": {"home": "Los Cabos United", "away": "Acatlan", "score": "2 : 0", "ah": "-", "ou": "-", "stats_rows": [{"label": "Red Cards", "home": "", "away": ""}], "date": "28-09-2025", "cover_status": "indeterminado"}, "h2h_col3": {"home": "Los Cabos United", "away": "Reboceros de La Piedad", "score": "3 : 1", "ah": "1", "ou": "-", "stats_rows": [{"label": "Tiros", "home": "14", "away": "14"}, {"label": "Tiros a Puerta", "home": "<span style=\"color: green; font-weight: bold;\">8</span>", "away": "<span style=\"color: red;\">5</span>"}, {"label": "Ataques", "home": "<span style=\"color: red;\">65</span>", "away": "<span style=\"color: green; font-weight: bold;\">74</span>"}, {"label": "Ataques Peligrosos", "home": "<span style=\"color: red;\">41</span>", "away": "<span style=\"color: green; font-weight: bold;\">46</span>"}, {"label": "Red Cards", "home": "", "away": ""}], "date": "14-09-2025", "cover_status": "indeterminado", "analysis": null}, "h2h_general": {"home": "Loros De Colima", "away": "Acatlan", "score": "0 : 0", "ah": "-", "ou": "-", "stats_rows": [{"label": "Red Cards", "home": "", "away": ""}], "date": null, "cover_status": "NO CUBIERTO"}}, "comparativas_indirectas": {"left": {"title_home_name": "Loros De Colima", "title_away_name": "Acatlan", "home_team": "Loros De Colima", "away_team": "Los Cabos United", "score": "1 : 5", "ah": "-0.75", "ou": "-", "localia": "H", "stats_rows": [{"label": "Tiros", "home": "<span style=\"color: red;\">6</span>", "away": "<span style=\"color: green; font-weight: bold;\">8</span>"}, {"label": "Tiros a Puerta", "home": "<span style=\"color: red;\">2</span>", "away": "<span style=\"color: green; font-weight: bold;\">8</span>"}, {"label": "Ataques", "home": "<span style=\"color: green; font-weight: bold;\">55</span>", "away": "<span style=\"color: red;\">52</span>"}, {"label": "Ataques Peligrosos", "home": "<span style=\"color: green; font-weight: bold;\">38</span>", "away": "<span style=\"color: red;\">34</span>"}, {"label": "Red Cards", "home": "<span style=\"color: green; font-weight: bold;\">1</span>", "away": "<span style=\"color: red;\">0</span>"}], "cover_status": "NO CUBIERTO", "analysis": "Contra este rival, Loros De Colima no habría cubierto el handicap"}, "right": null}, "simplified_html": "<div class=\"card\"><div class=\"card-body\"><h6 class=\"card-title\">📊 Análisis Mercado vs. H2H</h6>\n            <div class=\"mb-2\">\n                <strong>Precedente (este estadio):</strong>\n                <div>Resultado: <span class=\"score-value\">0:0</span></div>\n                <div>Mov. Línea: <span class=\"ah-value\">Sin dato -> 0.75</span></div>\n                <div>Cobertura AH: <span style='color: red; font-weight: bold;'>NO CUBIERTO</span></div>\n            </div>\n        \n                <div class=\"mt-2\">\n                    <strong>Precedente (H2H mǭs reciente):</strong>\n                    <div>Resultado: <span class=\"score-value\">0:0</span></div>\n                    <div>Mov. Lnea: <span class=\"ah-value\">Sin dato -> 0.75</span></div>\n                    <div>Cobertura AH: <span style='color: red; font-weight: bold;'>NO CUBIERTO</span></div>\n                </div>\n            </div></div>"}