{"match_id": "2886555", "home_team": "Mexicali FC", "away_team": "Pioneros de Cancun", "final_score": null, "match_date": "2025-10-12", "match_time": "05:30", "match_datetime": "2025-10-12 05:30", "recent_indirect_full": {"last_home": {"home": "Mexicali FC", "away": "Montaneses FC", "score": "0 : 1", "ah": "-0.5", "ou": "-", "stats_rows": [{"label": "Tiros", "home": "<span style=\"color: green; font-weight: bold;\">19</span>", "away": "<span style=\"color: red;\">14</span>"}, {"label": "Tiros a Puerta", "home": "<span style=\"color: red;\">7</span>", "away": "<span style=\"color: green; font-weight: bold;\">10</span>"}, {"label": "Ataques", "home": "<span style=\"color: green; font-weight: bold;\">94</span>", "away": "<span style=\"color: red;\">87</span>"}, {"label": "Ataques Peligrosos", "home": "<span style=\"color: green; font-weight: bold;\">96</span>", "away": "<span style=\"color: red;\">76</span>"}, {"label": "Red Cards", "home": "<span style=\"color: red;\">0</span>", "away": "<span style=\"color: green; font-weight: bold;\">1</span>"}], "date": "28-09-2025", "cover_status": "indeterminado"}, "last_away": {"home": "Jaguares Chiapas FC", "away": "Pioneros de Cancun", "score": "4 : 2", "ah": "0.5", "ou": "-", "stats_rows": [{"label": "Tiros", "home": "<span style=\"color: green; font-weight: bold;\">16</span>", "away": "<span style=\"color: red;\">12</span>"}, {"label": "Tiros a Puerta", "home": "<span style=\"color: green; font-weight: bold;\">11</span>", "away": "<span style=\"color: red;\">6</span>"}, {"label": "Ataques", "home": "<span style=\"color: green; font-weight: bold;\">80</span>", "away": "<span style=\"color: red;\">78</span>"}, {"label": "Ataques Peligrosos", "home": "<span style=\"color: green; font-weight: bold;\">60</span>", "away": "<span style=\"color: red;\">32</span>"}, {"label": "Red Cards", "home": "", "away": ""}], "date": "21-09-2025", "cover_status": "NO CUBIERTO"}, "h2h_col3": {"home": "Montaneses FC", "away": "Jaguares Chiapas FC", "score": "1 : 0", "ah": "0.25", "ou": "-", "stats_rows": [{"label": "Tiros", "home": "<span style=\"color: red;\">9</span>", "away": "<span style=\"color: green; font-weight: bold;\">14</span>"}, {"label": "Tiros a Puerta", "home": "<span style=\"color: green; font-weight: bold;\">6</span>", "away": "<span style=\"color: red;\">4</span>"}, {"label": "Ataques", "home": "<span style=\"color: red;\">91</span>", "away": "<span style=\"color: green; font-weight: bold;\">96</span>"}, {"label": "Ataques Peligrosos", "home": "<span style=\"color: green; font-weight: bold;\">79</span>", "away": "<span style=\"color: red;\">75</span>"}, {"label": "Red Cards", "home": "", "away": ""}], "date": "07-09-2025", "cover_status": "indeterminado", "analysis": null}, "h2h_general": {"home": "Local (H2H Gen)", "away": "Visitante (H2H Gen)", "score": "? : ?", "ah": "-", "ou": "-", "stats_rows": [], "date": null, "cover_status": "NEUTRO"}}, "comparativas_indirectas": {"left": {"title_home_name": "Mexicali FC", "title_away_name": "Pioneros de Cancun", "home_team": "Jaguares Chiapas FC", "away_team": "Mexicali FC", "score": "2 : 1", "ah": "1", "ou": "-", "localia": "A", "stats_rows": [{"label": "Tiros", "home": "<span style=\"color: green; font-weight: bold;\">17</span>", "away": "<span style=\"color: red;\">14</span>"}, {"label": "Tiros a Puerta", "home": "<span style=\"color: green; font-weight: bold;\">6</span>", "away": "<span style=\"color: red;\">3</span>"}, {"label": "Ataques", "home": "<span style=\"color: green; font-weight: bold;\">87</span>", "away": "<span style=\"color: red;\">81</span>"}, {"label": "Ataques Peligrosos", "home": "<span style=\"color: green; font-weight: bold;\">68</span>", "away": "<span style=\"color: red;\">54</span>"}, {"label": "Red Cards", "home": "", "away": ""}], "cover_status": "indeterminado", "analysis": "Contra este rival, el resultado para Mexicali FC sería indeterminado"}, "right": {"title_home_name": "Mexicali FC", "title_away_name": "Pioneros de Cancun", "home_team": "Pioneros de Cancun", "away_team": "Montaneses FC", "score": "2 : 1", "ah": "0", "ou": "-", "localia": "H", "stats_rows": [{"label": "Tiros", "home": "<span style=\"color: green; font-weight: bold;\">17</span>", "away": "<span style=\"color: red;\">9</span>"}, {"label": "Tiros a Puerta", "home": "<span style=\"color: green; font-weight: bold;\">5</span>", "away": "<span style=\"color: red;\">2</span>"}, {"label": "Ataques", "home": "<span style=\"color: red;\">94</span>", "away": "<span style=\"color: green; font-weight: bold;\">97</span>"}, {"label": "Ataques Peligrosos", "home": "<span style=\"color: green; font-weight: bold;\">55</span>", "away": "<span style=\"color: red;\">46</span>"}, {"label": "Red Cards", "home": "<span style=\"color: green; font-weight: bold;\">1</span>", "away": "<span style=\"color: red;\">0</span>"}], "cover_status": "CUBIERTO", "analysis": "Contra este rival, Pioneros de Cancun habría cubierto el handicap"}}, "simplified_html": "<div class=\"card\"><div class=\"card-body\"><h6 class=\"card-title\">📊 Análisis Mercado vs. H2H</h6><p>No hay precedente H2H en este estadio.</p></div></div>"}