{"match_id": "2886358", "home_team": "Jaguares de Cordoba", "away_team": "Leones", "final_score": null, "match_date": "2025-10-12", "match_time": "06:10", "match_datetime": "2025-10-12 06:10", "recent_indirect_full": {"last_home": {"home": "Jaguares de Cordoba", "away": "Real Cartagena", "score": "2 : 1", "ah": "0.75", "ou": "-", "stats_rows": [{"label": "Tiros", "home": "<span style=\"color: green; font-weight: bold;\">21</span>", "away": "<span style=\"color: red;\">3</span>"}, {"label": "Tiros a Puerta", "home": "<span style=\"color: green; font-weight: bold;\">9</span>", "away": "<span style=\"color: red;\">3</span>"}, {"label": "Ataques", "home": "<span style=\"color: green; font-weight: bold;\">148</span>", "away": "<span style=\"color: red;\">133</span>"}, {"label": "Ataques Peligrosos", "home": "<span style=\"color: green; font-weight: bold;\">103</span>", "away": "<span style=\"color: red;\">73</span>"}, {"label": "Red Cards", "home": "", "away": ""}], "date": "30-09-2025", "cover_status": "NO CUBIERTO"}, "last_away": {"home": "Cucuta", "away": "Leones", "score": "4 : 0", "ah": "1.75", "ou": "-", "stats_rows": [{"label": "Tiros", "home": "<span style=\"color: green; font-weight: bold;\">11</span>", "away": "<span style=\"color: red;\">3</span>"}, {"label": "Tiros a Puerta", "home": "<span style=\"color: green; font-weight: bold;\">6</span>", "away": "<span style=\"color: red;\">2</span>"}, {"label": "Ataques", "home": "<span style=\"color: green; font-weight: bold;\">58</span>", "away": "<span style=\"color: red;\">55</span>"}, {"label": "Ataques Peligrosos", "home": "<span style=\"color: green; font-weight: bold;\">31</span>", "away": "<span style=\"color: red;\">24</span>"}, {"label": "Red Cards", "home": "", "away": ""}], "date": "05-10-2025", "cover_status": "indeterminado"}, "h2h_col3": null, "h2h_general": {"home": "Leones", "away": "Jaguares de Cordoba", "score": "0 : 1", "ah": "-0.75", "ou": "-", "stats_rows": [{"label": "Tiros", "home": "<span style=\"color: green; font-weight: bold;\">15</span>", "away": "<span style=\"color: red;\">8</span>"}, {"label": "Tiros a Puerta", "home": "<span style=\"color: green; font-weight: bold;\">4</span>", "away": "<span style=\"color: red;\">3</span>"}, {"label": "Ataques", "home": "<span style=\"color: green; font-weight: bold;\">116</span>", "away": "<span style=\"color: red;\">80</span>"}, {"label": "Ataques Peligrosos", "home": "<span style=\"color: green; font-weight: bold;\">44</span>", "away": "<span style=\"color: red;\">30</span>"}, {"label": "Red Cards", "home": "", "away": ""}], "date": null, "cover_status": "NO CUBIERTO"}}, "comparativas_indirectas": {"left": {"title_home_name": "Jaguares de Cordoba", "title_away_name": "Leones", "home_team": "Cucuta", "away_team": "Jaguares de Cordoba", "score": "1 : 2", "ah": "0.5", "ou": "-", "localia": "A", "stats_rows": [{"label": "Tiros", "home": "9", "away": "9"}, {"label": "Tiros a Puerta", "home": "4", "away": "4"}, {"label": "Ataques", "home": "<span style=\"color: green; font-weight: bold;\">99</span>", "away": "<span style=\"color: red;\">72</span>"}, {"label": "Ataques Peligrosos", "home": "<span style=\"color: green; font-weight: bold;\">61</span>", "away": "<span style=\"color: red;\">35</span>"}, {"label": "Red Cards", "home": "", "away": ""}], "cover_status": "NO CUBIERTO", "analysis": "Contra este rival, Jaguares de Cordoba no habría cubierto el handicap"}, "right": {"title_home_name": "Jaguares de Cordoba", "title_away_name": "Leones", "home_team": "Real Cartagena", "away_team": "Leones", "score": "4 : 0", "ah": "1.5", "ou": "-", "localia": "A", "stats_rows": [{"label": "Tiros", "home": "<span style=\"color: green; font-weight: bold;\">4</span>", "away": "<span style=\"color: red;\">0</span>"}, {"label": "Tiros a Puerta", "home": "<span style=\"color: green; font-weight: bold;\">4</span>", "away": "<span style=\"color: red;\">0</span>"}, {"label": "Red Cards", "home": "", "away": ""}], "cover_status": "indeterminado", "analysis": "Contra este rival, el resultado para Leones sería indeterminado"}}, "simplified_html": "<div class=\"card\"><div class=\"card-body\"><h6 class=\"card-title\">📊 Análisis Mercado vs. H2H</h6>\n            <div class=\"mb-2\">\n                <strong>Precedente (este estadio):</strong>\n                <div>Resultado: <span class=\"score-value\">2:0</span></div>\n                <div>Mov. Línea: <span class=\"ah-value\">0.5 -> 2</span></div>\n                <div>Cobertura AH: <span style='color: #6c757d; font-weight: bold;'>PUSH</span></div>\n            </div>\n        <hr>\n                <div class=\"mt-2\">\n                    <strong>Precedente (H2H mǭs reciente):</strong>\n                    <div>Resultado: <span class=\"score-value\">0:1</span></div>\n                    <div>Mov. Lnea: <span class=\"ah-value\">-0.75 -> 2</span></div>\n                    <div>Cobertura AH: <span style='color: red; font-weight: bold;'>NO CUBIERTO</span></div>\n                </div>\n            </div></div>"}