{"match_id": "2886613", "home_team": "Western Springs (W)", "away_team": "Powerex Petone (W)", "final_score": null, "match_date": "2025-10-12", "match_time": "09:00", "match_datetime": "2025-10-12 09:00", "recent_indirect_full": {"last_home": {"home": "Western Springs (W)", "away": "CF Wellington United (W)", "score": "5 : 4", "ah": "-0.25", "ou": "-", "stats_rows": [{"label": "Tiros", "home": "<span style=\"color: green; font-weight: bold;\">8</span>", "away": "<span style=\"color: red;\">7</span>"}, {"label": "Tiros a Puerta", "home": "5", "away": "5"}, {"label": "Ataques", "home": "<span style=\"color: red;\">106</span>", "away": "<span style=\"color: green; font-weight: bold;\">119</span>"}, {"label": "Ataques Peligrosos", "home": "<span style=\"color: red;\">35</span>", "away": "<span style=\"color: green; font-weight: bold;\">45</span>"}, {"label": "Red Cards", "home": "", "away": ""}], "date": "28-09-2025", "cover_status": "NO CUBIERTO"}, "last_away": {"home": "Wellington Phoenix Reserves (W)", "away": "Powerex Petone (W)", "score": "2 : 0", "ah": "-", "ou": "-", "stats_rows": [{"label": "Tiros", "home": "<span style=\"color: green; font-weight: bold;\">14</span>", "away": "<span style=\"color: red;\">2</span>"}, {"label": "Tiros a Puerta", "home": "<span style=\"color: green; font-weight: bold;\">8</span>", "away": "<span style=\"color: red;\">2</span>"}, {"label": "Ataques", "home": "<span style=\"color: red;\">348</span>", "away": "<span style=\"color: green; font-weight: bold;\">353</span>"}, {"label": "Ataques Peligrosos", "home": "<span style=\"color: green; font-weight: bold;\">95</span>", "away": "<span style=\"color: red;\">55</span>"}, {"label": "Red Cards", "home": "", "away": ""}], "date": "05-10-2025", "cover_status": "indeterminado"}, "h2h_col3": {"home": "CF Wellington United (W)", "away": "Wellington Phoenix Reserves (W)", "score": "4 : 0", "ah": "2.25", "ou": "-", "stats_rows": [{"label": "Tiros", "home": "<span style=\"color: green; font-weight: bold;\">21</span>", "away": "<span style=\"color: red;\">3</span>"}, {"label": "Tiros a Puerta", "home": "<span style=\"color: green; font-weight: bold;\">11</span>", "away": "<span style=\"color: red;\">3</span>"}, {"label": "Ataques", "home": "<span style=\"color: green; font-weight: bold;\">127</span>", "away": "<span style=\"color: red;\">95</span>"}, {"label": "Ataques Peligrosos", "home": "<span style=\"color: green; font-weight: bold;\">60</span>", "away": "<span style=\"color: red;\">26</span>"}, {"label": "Red Cards", "home": "", "away": ""}], "date": "11-10-2024", "cover_status": "indeterminado", "analysis": null}, "h2h_general": {"home": "Local (H2H Gen)", "away": "Visitante (H2H Gen)", "score": "? : ?", "ah": "-", "ou": "-", "stats_rows": [], "date": null, "cover_status": "NEUTRO"}}, "comparativas_indirectas": {"left": {"title_home_name": "Western Springs (W)", "title_away_name": "Powerex Petone (W)", "home_team": "Wellington Phoenix Reserves (W)", "away_team": "Western Springs (W)", "score": "1 : 4", "ah": "-1.25", "ou": "-", "localia": "A", "stats_rows": [{"label": "Tiros", "home": "<span style=\"color: red;\">8</span>", "away": "<span style=\"color: green; font-weight: bold;\">37</span>"}, {"label": "Tiros a Puerta", "home": "<span style=\"color: red;\">4</span>", "away": "<span style=\"color: green; font-weight: bold;\">15</span>"}, {"label": "Ataques", "home": "<span style=\"color: red;\">68</span>", "away": "<span style=\"color: green; font-weight: bold;\">107</span>"}, {"label": "Ataques Peligrosos", "home": "<span style=\"color: red;\">34</span>", "away": "<span style=\"color: green; font-weight: bold;\">66</span>"}, {"label": "Red Cards", "home": "", "away": ""}], "cover_status": "NO CUBIERTO", "analysis": "Contra este rival, Western Springs (W) no habría cubierto el handicap"}, "right": null}, "simplified_html": "<div class=\"card\"><div class=\"card-body\"><h6 class=\"card-title\">📊 Análisis Mercado vs. H2H</h6><p>No hay precedente H2H en este estadio.</p></div></div>"}