{"match_id": "2886510", "home_team": "Tritones Vallarta MFC", "away_team": "Atletico Cocula", "final_score": null, "match_date": "2025-10-12", "match_time": "06:00", "match_datetime": "2025-10-12 06:00", "recent_indirect_full": {"last_home": {"home": "Tritones Vallarta MFC", "away": "Cimarrones de Sonora", "score": "0 : 3", "ah": "-0.25", "ou": "-", "stats_rows": [{"label": "Tiros", "home": "<span style=\"color: red;\">4</span>", "away": "<span style=\"color: green; font-weight: bold;\">10</span>"}, {"label": "Tiros a Puerta", "home": "<span style=\"color: red;\">2</span>", "away": "<span style=\"color: green; font-weight: bold;\">7</span>"}, {"label": "Ataques", "home": "<span style=\"color: red;\">39</span>", "away": "<span style=\"color: green; font-weight: bold;\">40</span>"}, {"label": "Ataques Peligrosos", "home": "<span style=\"color: green; font-weight: bold;\">30</span>", "away": "<span style=\"color: red;\">26</span>"}, {"label": "Red Cards", "home": "<span style=\"color: green; font-weight: bold;\">1</span>", "away": "<span style=\"color: red;\">0</span>"}], "date": "28-09-2025", "cover_status": "NO CUBIERTO"}, "last_away": {"home": "Mineros de Fresnillo", "away": "Atletico Cocula", "score": "2 : 1", "ah": "0.25", "ou": "-", "stats_rows": [{"label": "Tiros", "home": "<span style=\"color: green; font-weight: bold;\">10</span>", "away": "<span style=\"color: red;\">3</span>"}, {"label": "Tiros a Puerta", "home": "<span style=\"color: green; font-weight: bold;\">5</span>", "away": "<span style=\"color: red;\">1</span>"}, {"label": "Ataques", "home": "<span style=\"color: red;\">89</span>", "away": "<span style=\"color: green; font-weight: bold;\">97</span>"}, {"label": "Ataques Peligrosos", "home": "<span style=\"color: green; font-weight: bold;\">72</span>", "away": "<span style=\"color: red;\">62</span>"}, {"label": "Red Cards", "home": "<span style=\"color: green; font-weight: bold;\">1</span>", "away": "<span style=\"color: red;\">0</span>"}], "date": "20-09-2025", "cover_status": "indeterminado"}, "h2h_col3": {"home": "Cimarrones de Sonora", "away": "Mineros de Fresnillo", "score": "1 : 0", "ah": "1.5", "ou": "-", "stats_rows": [{"label": "Tiros", "home": "<span style=\"color: green; font-weight: bold;\">15</span>", "away": "<span style=\"color: red;\">7</span>"}, {"label": "Tiros a Puerta", "home": "<span style=\"color: green; font-weight: bold;\">5</span>", "away": "<span style=\"color: red;\">1</span>"}, {"label": "Ataques", "home": "<span style=\"color: green; font-weight: bold;\">129</span>", "away": "<span style=\"color: red;\">65</span>"}, {"label": "Ataques Peligrosos", "home": "<span style=\"color: green; font-weight: bold;\">49</span>", "away": "<span style=\"color: red;\">23</span>"}, {"label": "Red Cards", "home": "", "away": ""}], "date": "06-09-2025", "cover_status": "indeterminado", "analysis": null}, "h2h_general": {"home": "Local (H2H Gen)", "away": "Visitante (H2H Gen)", "score": "? : ?", "ah": "-", "ou": "-", "stats_rows": [], "date": null, "cover_status": "NEUTRO"}}, "comparativas_indirectas": {"left": {"title_home_name": "Tritones Vallarta MFC", "title_away_name": "Atletico Cocula", "home_team": "Mineros de Fresnillo", "away_team": "Tritones Vallarta MFC", "score": "2 : 2", "ah": "-0.25", "ou": "-", "localia": "A", "stats_rows": [{"label": "Red Cards", "home": "", "away": ""}], "cover_status": "NO CUBIERTO", "analysis": "Contra este rival, Tritones Vallarta MFC no habría cubierto el handicap"}, "right": {"title_home_name": "Tritones Vallarta MFC", "title_away_name": "Atletico Cocula", "home_team": "Atletico Cocula", "away_team": "Cimarrones de Sonora", "score": "1 : 1", "ah": "-", "ou": "-", "localia": "H", "stats_rows": [{"label": "Red Cards", "home": "", "away": ""}], "cover_status": "indeterminado", "analysis": "Contra este rival, el resultado para Atletico Cocula sería indeterminado"}}, "simplified_html": "<div class=\"card\"><div class=\"card-body\"><h6 class=\"card-title\">📊 Análisis Mercado vs. H2H</h6><p>No hay precedente H2H en este estadio.</p></div></div>"}