{"match_id": "2887107", "home_team": "Quintero Unido", "away_team": "AC Colina", "final_score": null, "match_date": "2025-10-12", "match_time": "06:00", "match_datetime": "2025-10-12 06:00", "recent_indirect_full": {"last_home": {"home": "Quintero Unido", "away": "Malleco Unido", "score": "1 : 2", "ah": "0.25", "ou": "-", "stats_rows": [{"label": "Tiros", "home": "<span style=\"color: green; font-weight: bold;\">13</span>", "away": "<span style=\"color: red;\">12</span>"}, {"label": "Tiros a Puerta", "home": "<span style=\"color: red;\">5</span>", "away": "<span style=\"color: green; font-weight: bold;\">6</span>"}, {"label": "Ataques", "home": "<span style=\"color: green; font-weight: bold;\">99</span>", "away": "<span style=\"color: red;\">78</span>"}, {"label": "Ataques Peligrosos", "home": "<span style=\"color: green; font-weight: bold;\">56</span>", "away": "<span style=\"color: red;\">24</span>"}, {"label": "Red Cards", "home": "", "away": ""}], "date": "28-09-2025", "cover_status": "indeterminado"}, "last_away": {"home": "CD Municipal Mejillones", "away": "AC Colina", "score": "0 : 7", "ah": "-2.75", "ou": "-", "stats_rows": [{"label": "Tiros", "home": "<span style=\"color: red;\">15</span>", "away": "<span style=\"color: green; font-weight: bold;\">27</span>"}, {"label": "Tiros a Puerta", "home": "<span style=\"color: red;\">3</span>", "away": "<span style=\"color: green; font-weight: bold;\">16</span>"}, {"label": "Ataques", "home": "<span style=\"color: red;\">36</span>", "away": "<span style=\"color: green; font-weight: bold;\">62</span>"}, {"label": "Ataques Peligrosos", "home": "<span style=\"color: red;\">38</span>", "away": "<span style=\"color: green; font-weight: bold;\">69</span>"}, {"label": "Red Cards", "home": "<span style=\"color: green; font-weight: bold;\">1</span>", "away": "<span style=\"color: red;\">0</span>"}], "date": "27-09-2025", "cover_status": "CUBIERTO"}, "h2h_col3": {"home": "CD Municipal Mejillones", "away": "Malleco Unido", "score": "0 : 3", "ah": "-1.5", "ou": "-", "stats_rows": [{"label": "Tiros", "home": "<span style=\"color: green; font-weight: bold;\">17</span>", "away": "<span style=\"color: red;\">11</span>"}, {"label": "Tiros a Puerta", "home": "<span style=\"color: red;\">2</span>", "away": "<span style=\"color: green; font-weight: bold;\">9</span>"}, {"label": "Ataques", "home": "<span style=\"color: red;\">31</span>", "away": "<span style=\"color: green; font-weight: bold;\">40</span>"}, {"label": "Ataques Peligrosos", "home": "<span style=\"color: green; font-weight: bold;\">46</span>", "away": "<span style=\"color: red;\">41</span>"}, {"label": "Red Cards", "home": "", "away": ""}], "date": "06-09-2025", "cover_status": "indeterminado", "analysis": null}, "h2h_general": {"home": "AC Colina", "away": "Quintero Unido", "score": "5 : 0", "ah": "1.5", "ou": "-", "stats_rows": [{"label": "Tiros", "home": "<span style=\"color: green; font-weight: bold;\">20</span>", "away": "<span style=\"color: red;\">11</span>"}, {"label": "Tiros a Puerta", "home": "<span style=\"color: green; font-weight: bold;\">15</span>", "away": "<span style=\"color: red;\">2</span>"}, {"label": "Ataques", "home": "<span style=\"color: green; font-weight: bold;\">105</span>", "away": "<span style=\"color: red;\">98</span>"}, {"label": "Ataques Peligrosos", "home": "<span style=\"color: green; font-weight: bold;\">63</span>", "away": "<span style=\"color: red;\">61</span>"}, {"label": "Red Cards", "home": "", "away": ""}], "date": null, "cover_status": "CUBIERTO"}}, "comparativas_indirectas": {"left": {"title_home_name": "Quintero Unido", "title_away_name": "AC Colina", "home_team": "CD Municipal Mejillones", "away_team": "Quintero Unido", "score": "0 : 0", "ah": "-", "ou": "-", "localia": "A", "stats_rows": [{"label": "Tiros", "home": "<span style=\"color: red;\">6</span>", "away": "<span style=\"color: green; font-weight: bold;\">10</span>"}, {"label": "Tiros a Puerta", "home": "<span style=\"color: red;\">0</span>", "away": "<span style=\"color: green; font-weight: bold;\">3</span>"}, {"label": "Ataques", "home": "<span style=\"color: red;\">29</span>", "away": "<span style=\"color: green; font-weight: bold;\">79</span>"}, {"label": "Ataques Peligrosos", "home": "<span style=\"color: red;\">41</span>", "away": "<span style=\"color: green; font-weight: bold;\">71</span>"}, {"label": "Red Cards", "home": "", "away": ""}], "cover_status": "indeterminado", "analysis": "Contra este rival, el resultado para Quintero Unido sería indeterminado"}, "right": {"title_home_name": "Quintero Unido", "title_away_name": "AC Colina", "home_team": "AC Colina", "away_team": "Malleco Unido", "score": "5 : 1", "ah": "0.75", "ou": "-", "localia": "H", "stats_rows": [{"label": "Tiros", "home": "<span style=\"color: green; font-weight: bold;\">15</span>", "away": "<span style=\"color: red;\">10</span>"}, {"label": "Tiros a Puerta", "home": "<span style=\"color: green; font-weight: bold;\">8</span>", "away": "<span style=\"color: red;\">2</span>"}, {"label": "Ataques", "home": "<span style=\"color: green; font-weight: bold;\">90</span>", "away": "<span style=\"color: red;\">88</span>"}, {"label": "Ataques Peligrosos", "home": "52", "away": "52"}, {"label": "Red Cards", "home": "", "away": ""}], "cover_status": "CUBIERTO", "analysis": "Contra este rival, AC Colina habría cubierto el handicap"}}, "simplified_html": "<div class=\"card\"><div class=\"card-body\"><h6 class=\"card-title\">📊 Análisis Mercado vs. H2H</h6>\n            <div class=\"mb-2\">\n                <strong>Precedente (este estadio):</strong>\n                <div>Resultado: <span class=\"score-value\">1:2</span></div>\n                <div>Mov. Línea: <span class=\"ah-value\">-0.25 -> -1</span></div>\n                <div>Cobertura AH: <span style='color: #6c757d; font-weight: bold;'>PUSH</span></div>\n            </div>\n        <hr>\n                <div class=\"mt-2\">\n                    <strong>Precedente (H2H mǭs reciente):</strong>\n                    <div>Resultado: <span class=\"score-value\">5:0</span></div>\n                    <div>Mov. Lnea: <span class=\"ah-value\">1.5 -> -1</span></div>\n                    <div>Cobertura AH: <span style='color: green; font-weight: bold;'>CUBIERTO</span></div>\n                </div>\n            </div></div>"}