{"match_id": "2888558", "home_team": "Brooklyn City (W)", "away_team": "Tampa Bay Sun (W)", "final_score": null, "match_date": "2025-10-12", "match_time": "06:00", "match_datetime": "2025-10-12 06:00", "recent_indirect_full": {"last_home": {"home": "Brooklyn City (W)", "away": "Sporting JAX (W)", "score": "3 : 3", "ah": "0", "ou": "-", "stats_rows": [{"label": "Tiros", "home": "<span style=\"color: red;\">9</span>", "away": "<span style=\"color: green; font-weight: bold;\">13</span>"}, {"label": "Tiros a Puerta", "home": "<span style=\"color: red;\">4</span>", "away": "<span style=\"color: green; font-weight: bold;\">5</span>"}, {"label": "Ataques", "home": "<span style=\"color: red;\">83</span>", "away": "<span style=\"color: green; font-weight: bold;\">97</span>"}, {"label": "Ataques Peligrosos", "home": "<span style=\"color: red;\">71</span>", "away": "<span style=\"color: green; font-weight: bold;\">73</span>"}, {"label": "Red Cards", "home": "", "away": ""}], "date": "05-10-2025", "cover_status": "NO CUBIERTO"}, "last_away": {"home": "Spokane Zephyr (W)", "away": "Tampa Bay Sun (W)", "score": "2 : 0", "ah": "0.25", "ou": "-", "stats_rows": [{"label": "Tiros", "home": "<span style=\"color: red;\">12</span>", "away": "<span style=\"color: green; font-weight: bold;\">14</span>"}, {"label": "Tiros a Puerta", "home": "<span style=\"color: red;\">3</span>", "away": "<span style=\"color: green; font-weight: bold;\">5</span>"}, {"label": "Ataques", "home": "<span style=\"color: green; font-weight: bold;\">170</span>", "away": "<span style=\"color: red;\">162</span>"}, {"label": "Ataques Peligrosos", "home": "<span style=\"color: red;\">41</span>", "away": "<span style=\"color: green; font-weight: bold;\">63</span>"}, {"label": "Red Cards", "home": "<span style=\"color: red;\">0</span>", "away": "<span style=\"color: green; font-weight: bold;\">1</span>"}], "date": "14-09-2025", "cover_status": "indeterminado"}, "h2h_col3": null, "h2h_general": {"home": "Brooklyn City (W)", "away": "Tampa Bay Sun (W)", "score": "2 : 1", "ah": "0", "ou": "-", "stats_rows": [{"label": "Tiros", "home": "10", "away": "10"}, {"label": "Tiros a Puerta", "home": "<span style=\"color: red;\">4</span>", "away": "<span style=\"color: green; font-weight: bold;\">5</span>"}, {"label": "Ataques", "home": "95", "away": "95"}, {"label": "Ataques Peligrosos", "home": "<span style=\"color: red;\">26</span>", "away": "<span style=\"color: green; font-weight: bold;\">44</span>"}, {"label": "Red Cards", "home": "", "away": ""}], "date": null, "cover_status": "CUBIERTO"}}, "comparativas_indirectas": {"left": {"title_home_name": "Brooklyn City (W)", "title_away_name": "Tampa Bay Sun (W)", "home_team": "Brooklyn City (W)", "away_team": "Spokane Zephyr (W)", "score": "1 : 1", "ah": "0", "ou": "-", "localia": "H", "stats_rows": [{"label": "Tiros", "home": "<span style=\"color: red;\">8</span>", "away": "<span style=\"color: green; font-weight: bold;\">10</span>"}, {"label": "Tiros a Puerta", "home": "<span style=\"color: green; font-weight: bold;\">5</span>", "away": "<span style=\"color: red;\">2</span>"}, {"label": "Ataques", "home": "<span style=\"color: red;\">93</span>", "away": "<span style=\"color: green; font-weight: bold;\">126</span>"}, {"label": "Ataques Peligrosos", "home": "<span style=\"color: red;\">57</span>", "away": "<span style=\"color: green; font-weight: bold;\">77</span>"}, {"label": "Red Cards", "home": "", "away": ""}], "cover_status": "NO CUBIERTO", "analysis": "Contra este rival, Brooklyn City (W) no habría cubierto el handicap"}, "right": {"title_home_name": "Brooklyn City (W)", "title_away_name": "Tampa Bay Sun (W)", "home_team": "Tampa Bay Sun (W)", "away_team": "Sporting JAX (W)", "score": "2 : 3", "ah": "2.25", "ou": "-", "localia": "H", "stats_rows": [{"label": "Tiros", "home": "<span style=\"color: red;\">10</span>", "away": "<span style=\"color: green; font-weight: bold;\">11</span>"}, {"label": "Tiros a Puerta", "home": "<span style=\"color: red;\">3</span>", "away": "<span style=\"color: green; font-weight: bold;\">4</span>"}, {"label": "Ataques", "home": "<span style=\"color: green; font-weight: bold;\">95</span>", "away": "<span style=\"color: red;\">84</span>"}, {"label": "Ataques Peligrosos", "home": "<span style=\"color: green; font-weight: bold;\">69</span>", "away": "<span style=\"color: red;\">51</span>"}, {"label": "Red Cards", "home": "", "away": ""}], "cover_status": "indeterminado", "analysis": "Contra este rival, el resultado para Tampa Bay Sun (W) sería indeterminado"}}, "simplified_html": "<div class=\"card\"><div class=\"card-body\"><h6 class=\"card-title\">📊 Análisis Mercado vs. H2H</h6>\n            <div class=\"mb-2\">\n                <strong>Precedente (este estadio):</strong>\n                <div>Resultado: <span class=\"score-value\">2:1</span></div>\n                <div>Mov. Línea: <span class=\"ah-value\">0 -> 0.5</span></div>\n                <div>Cobertura AH: <span style='color: green; font-weight: bold;'>CUBIERTO</span></div>\n            </div>\n        \n                <div class=\"mt-2\">\n                    <strong>Precedente (H2H mǭs reciente):</strong>\n                    <div>Resultado: <span class=\"score-value\">2:1</span></div>\n                    <div>Mov. Lnea: <span class=\"ah-value\">0 -> 0.5</span></div>\n                    <div>Cobertura AH: <span style='color: green; font-weight: bold;'>CUBIERTO</span></div>\n                </div>\n            </div></div>"}