{"match_id": "2888556", "home_team": "Club Atlético Unión", "away_team": "Centenario MSDyB", "final_score": null, "match_date": "2025-10-12", "match_time": "04:30", "match_datetime": "2025-10-12 04:30", "recent_indirect_full": {"last_home": null, "last_away": {"home": "Libertad Sunchales", "away": "Centenario MSDyB", "score": "0 : 1", "ah": "0.5", "ou": "-", "stats_rows": [{"label": "Tiros", "home": "<span style=\"color: green; font-weight: bold;\">12</span>", "away": "<span style=\"color: red;\">8</span>"}, {"label": "Tiros a Puerta", "home": "<span style=\"color: green; font-weight: bold;\">4</span>", "away": "<span style=\"color: red;\">2</span>"}, {"label": "Ataques", "home": "<span style=\"color: green; font-weight: bold;\">125</span>", "away": "<span style=\"color: red;\">98</span>"}, {"label": "Ataques Peligrosos", "home": "<span style=\"color: green; font-weight: bold;\">80</span>", "away": "<span style=\"color: red;\">52</span>"}, {"label": "Red Cards", "home": "", "away": ""}], "date": "20-07-2025", "cover_status": "indeterminado"}, "h2h_col3": null, "h2h_general": {"home": "Centenario MSDyB", "away": "Club Atlético Unión", "score": "1 : 1", "ah": "-1.25", "ou": "-", "stats_rows": [{"label": "Tiros", "home": "<span style=\"color: red;\">11</span>", "away": "<span style=\"color: green; font-weight: bold;\">12</span>"}, {"label": "Tiros a Puerta", "home": "3", "away": "3"}, {"label": "Ataques", "home": "<span style=\"color: red;\">106</span>", "away": "<span style=\"color: green; font-weight: bold;\">111</span>"}, {"label": "Ataques Peligrosos", "home": "<span style=\"color: red;\">69</span>", "away": "<span style=\"color: green; font-weight: bold;\">79</span>"}, {"label": "Red Cards", "home": "", "away": ""}], "date": null, "cover_status": "NO CUBIERTO"}}, "comparativas_indirectas": {"left": null, "right": null}, "simplified_html": "<div class=\"card\"><div class=\"card-body\"><h6 class=\"card-title\">📊 Análisis Mercado vs. H2H</h6><p>No hay precedente H2H en este estadio.</p>\n                <div class=\"mt-2\">\n                    <strong>Precedente (H2H mǭs reciente):</strong>\n                    <div>Resultado: <span class=\"score-value\">1:1</span></div>\n                    <div>Mov. L��nea: <span class=\"ah-value\">-1.25 -> 1.5</span></div>\n                    <div>Cobertura AH: <span style='color: red; font-weight: bold;'>NO CUBIERTO</span></div>\n                </div>\n            </div></div>"}