{"match_id": "2888065", "home_team": "Blauw Geel", "away_team": "UDI 19", "final_score": null, "match_date": "2025-10-12", "match_time": "01:30", "match_datetime": "2025-10-12 01:30", "recent_indirect_full": {"last_home": {"home": "Blauw Geel", "away": "ASWH", "score": "5 : 0", "ah": "0.75", "ou": "-", "stats_rows": [{"label": "Tiros", "home": "<span style=\"color: green; font-weight: bold;\">18</span>", "away": "<span style=\"color: red;\">11</span>"}, {"label": "Tiros a Puerta", "home": "<span style=\"color: green; font-weight: bold;\">7</span>", "away": "<span style=\"color: red;\">6</span>"}, {"label": "Ataques", "home": "<span style=\"color: green; font-weight: bold;\">77</span>", "away": "<span style=\"color: red;\">73</span>"}, {"label": "Ataques Peligrosos", "home": "<span style=\"color: green; font-weight: bold;\">39</span>", "away": "<span style=\"color: red;\">36</span>"}, {"label": "Red Cards", "home": "", "away": ""}], "date": "20-09-2025", "cover_status": "CUBIERTO"}, "last_away": {"home": "Tot Ons Genoegen Berkel", "away": "UDI 19", "score": "3 : 3", "ah": "0", "ou": "-", "stats_rows": [{"label": "Tiros", "home": "<span style=\"color: red;\">8</span>", "away": "<span style=\"color: green; font-weight: bold;\">15</span>"}, {"label": "Tiros a Puerta", "home": "<span style=\"color: green; font-weight: bold;\">5</span>", "away": "<span style=\"color: red;\">4</span>"}, {"label": "Ataques", "home": "<span style=\"color: green; font-weight: bold;\">63</span>", "away": "<span style=\"color: red;\">62</span>"}, {"label": "Ataques Peligrosos", "home": "<span style=\"color: red;\">40</span>", "away": "<span style=\"color: green; font-weight: bold;\">41</span>"}, {"label": "Red Cards", "home": "", "away": ""}], "date": "27-09-2025", "cover_status": "indeterminado"}, "h2h_col3": null, "h2h_general": {"home": "Blauw Geel", "away": "UDI 19", "score": "1 : 0", "ah": "2", "ou": "-", "stats_rows": [{"label": "Tiros", "home": "<span style=\"color: red;\">10</span>", "away": "<span style=\"color: green; font-weight: bold;\">11</span>"}, {"label": "Tiros a Puerta", "home": "<span style=\"color: green; font-weight: bold;\">4</span>", "away": "<span style=\"color: red;\">3</span>"}, {"label": "Ataques", "home": "<span style=\"color: red;\">99</span>", "away": "<span style=\"color: green; font-weight: bold;\">103</span>"}, {"label": "Ataques Peligrosos", "home": "<span style=\"color: green; font-weight: bold;\">56</span>", "away": "<span style=\"color: red;\">50</span>"}, {"label": "Red Cards", "home": "", "away": ""}], "date": null, "cover_status": "PUSH"}}, "comparativas_indirectas": {"left": {"title_home_name": "Blauw Geel", "title_away_name": "UDI 19", "home_team": "Tot Ons Genoegen Berkel", "away_team": "Blauw Geel", "score": "2 : 2", "ah": "0", "ou": "-", "localia": "A", "stats_rows": [{"label": "Tiros", "home": "<span style=\"color: green; font-weight: bold;\">14</span>", "away": "<span style=\"color: red;\">10</span>"}, {"label": "Tiros a Puerta", "home": "<span style=\"color: green; font-weight: bold;\">8</span>", "away": "<span style=\"color: red;\">3</span>"}, {"label": "Ataques", "home": "<span style=\"color: green; font-weight: bold;\">80</span>", "away": "<span style=\"color: red;\">70</span>"}, {"label": "Ataques Peligrosos", "home": "<span style=\"color: green; font-weight: bold;\">38</span>", "away": "<span style=\"color: red;\">21</span>"}, {"label": "Red Cards", "home": "", "away": ""}], "cover_status": "NO CUBIERTO", "analysis": "Contra este rival, Blauw Geel no habría cubierto el handicap"}, "right": {"title_home_name": "Blauw Geel", "title_away_name": "UDI 19", "home_team": "UDI 19", "away_team": "ASWH", "score": "3 : 2", "ah": "0.25", "ou": "-", "localia": "H", "stats_rows": [{"label": "Tiros", "home": "<span style=\"color: red;\">13</span>", "away": "<span style=\"color: green; font-weight: bold;\">14</span>"}, {"label": "Tiros a Puerta", "home": "<span style=\"color: green; font-weight: bold;\">8</span>", "away": "<span style=\"color: red;\">7</span>"}, {"label": "Ataques", "home": "<span style=\"color: green; font-weight: bold;\">159</span>", "away": "<span style=\"color: red;\">134</span>"}, {"label": "Ataques Peligrosos", "home": "<span style=\"color: green; font-weight: bold;\">109</span>", "away": "<span style=\"color: red;\">102</span>"}, {"label": "Red Cards", "home": "", "away": ""}], "cover_status": "indeterminado", "analysis": "Contra este rival, el resultado para UDI 19 sería indeterminado"}}, "simplified_html": "<div class=\"card\"><div class=\"card-body\"><h6 class=\"card-title\">📊 Análisis Mercado vs. H2H</h6>\n            <div class=\"mb-2\">\n                <strong>Precedente (este estadio):</strong>\n                <div>Resultado: <span class=\"score-value\">1:0</span></div>\n                <div>Mov. Línea: <span class=\"ah-value\">2 -> 1</span></div>\n                <div>Cobertura AH: <span style='color: #6c757d; font-weight: bold;'>PUSH</span></div>\n            </div>\n        \n                <div class=\"mt-2\">\n                    <strong>Precedente (H2H mǭs reciente):</strong>\n                    <div>Resultado: <span class=\"score-value\">1:0</span></div>\n                    <div>Mov. L��nea: <span class=\"ah-value\">2 -> 1</span></div>\n                    <div>Cobertura AH: <span style='color: #6c757d; font-weight: bold;'>PUSH</span></div>\n                </div>\n            </div></div>"}