{"match_id": "2888084", "home_team": "Mayo Reserves", "away_team": "Cerro Porteno Asuncion Reserves", "final_score": null, "match_date": "2025-10-12", "match_time": "07:00", "match_datetime": "2025-10-12 07:00", "recent_indirect_full": {"last_home": {"home": "Mayo Reserves", "away": "Club General Caballero Reserves", "score": "1 : 1", "ah": "-", "ou": "-", "stats_rows": [{"label": "Tiros", "home": "<span style=\"color: red;\">2</span>", "away": "<span style=\"color: green; font-weight: bold;\">4</span>"}, {"label": "Tiros a Puerta", "home": "1", "away": "1"}, {"label": "Ataques", "home": "<span style=\"color: green; font-weight: bold;\">102</span>", "away": "<span style=\"color: red;\">99</span>"}, {"label": "Ataques Peligrosos", "home": "<span style=\"color: red;\">63</span>", "away": "<span style=\"color: green; font-weight: bold;\">76</span>"}, {"label": "Red Cards", "home": "<span style=\"color: green; font-weight: bold;\">1</span>", "away": "<span style=\"color: red;\">0</span>"}], "date": "", "cover_status": "NEUTRO"}, "last_away": {"home": "Sportivo Luqueno Reserves", "away": "Cerro Porteno Asuncion Reserves", "score": "1 : 0", "ah": "-", "ou": "-", "stats_rows": [{"label": "Tiros", "home": "<span style=\"color: green; font-weight: bold;\">3</span>", "away": "<span style=\"color: red;\">0</span>"}, {"label": "Tiros a Puerta", "home": "<span style=\"color: green; font-weight: bold;\">2</span>", "away": "<span style=\"color: red;\">0</span>"}, {"label": "Ataques", "home": "<span style=\"color: red;\">89</span>", "away": "<span style=\"color: green; font-weight: bold;\">127</span>"}, {"label": "Ataques Peligrosos", "home": "<span style=\"color: red;\">31</span>", "away": "<span style=\"color: green; font-weight: bold;\">61</span>"}, {"label": "Red Cards", "home": "", "away": ""}], "date": "", "cover_status": "NEUTRO"}, "h2h_col3": {"home": "Club General Caballero Reserves", "away": "Sportivo Luqueno Reserves", "score": "4 : 1", "ah": "-", "ou": "-", "stats_rows": [{"label": "Tiros", "home": "<span style=\"color: red;\">11</span>", "away": "<span style=\"color: green; font-weight: bold;\">13</span>"}, {"label": "Tiros a Puerta", "home": "<span style=\"color: green; font-weight: bold;\">8</span>", "away": "<span style=\"color: red;\">5</span>"}, {"label": "Ataques", "home": "<span style=\"color: red;\">76</span>", "away": "<span style=\"color: green; font-weight: bold;\">92</span>"}, {"label": "Ataques Peligrosos", "home": "<span style=\"color: red;\">35</span>", "away": "<span style=\"color: green; font-weight: bold;\">45</span>"}, {"label": "Red Cards", "home": "<span style=\"color: green; font-weight: bold;\">1</span>", "away": "<span style=\"color: red;\">0</span>"}], "date": "", "cover_status": "NEUTRO", "analysis": null}, "h2h_general": {"home": "Cerro Porteno Asuncion Reserves", "away": "Mayo Reserves", "score": "3 : 1", "ah": "-", "ou": "-", "stats_rows": [{"label": "Tiros", "home": "<span style=\"color: green; font-weight: bold;\">13</span>", "away": "<span style=\"color: red;\">6</span>"}, {"label": "Tiros a Puerta", "home": "<span style=\"color: green; font-weight: bold;\">7</span>", "away": "<span style=\"color: red;\">2</span>"}, {"label": "Ataques", "home": "<span style=\"color: green; font-weight: bold;\">109</span>", "away": "<span style=\"color: red;\">105</span>"}, {"label": "Ataques Peligrosos", "home": "<span style=\"color: green; font-weight: bold;\">95</span>", "away": "<span style=\"color: red;\">77</span>"}, {"label": "Red Cards", "home": "", "away": ""}], "date": null, "cover_status": "NEUTRO"}}, "comparativas_indirectas": {"left": {"title_home_name": "Mayo Reserves", "title_away_name": "Cerro Porteno Asuncion Reserves", "home_team": "Sportivo Luqueno Reserves", "away_team": "Mayo Reserves", "score": "2 : 0", "ah": "-", "ou": "-", "localia": "A", "stats_rows": [{"label": "Tiros", "home": "<span style=\"color: red;\">14</span>", "away": "<span style=\"color: green; font-weight: bold;\">16</span>"}, {"label": "Tiros a Puerta", "home": "4", "away": "4"}, {"label": "Ataques", "home": "<span style=\"color: red;\">67</span>", "away": "<span style=\"color: green; font-weight: bold;\">70</span>"}, {"label": "Ataques Peligrosos", "home": "<span style=\"color: red;\">35</span>", "away": "<span style=\"color: green; font-weight: bold;\">41</span>"}, {"label": "Red Cards", "home": "", "away": ""}], "cover_status": "NEUTRO", "analysis": "Contra este rival, el resultado para Mayo Reserves sería indeterminado"}, "right": {"title_home_name": "Mayo Reserves", "title_away_name": "Cerro Porteno Asuncion Reserves", "home_team": "Club General Caballero Reserves", "away_team": "Cerro Porteno Asuncion Reserves", "score": "2 : 0", "ah": "-", "ou": "-", "localia": "A", "stats_rows": [{"label": "Tiros", "home": "<span style=\"color: green; font-weight: bold;\">3</span>", "away": "<span style=\"color: red;\">0</span>"}, {"label": "Tiros a Puerta", "home": "<span style=\"color: green; font-weight: bold;\">3</span>", "away": "<span style=\"color: red;\">0</span>"}, {"label": "Ataques", "home": "<span style=\"color: red;\">41</span>", "away": "<span style=\"color: green; font-weight: bold;\">66</span>"}, {"label": "Ataques Peligrosos", "home": "<span style=\"color: red;\">39</span>", "away": "<span style=\"color: green; font-weight: bold;\">55</span>"}, {"label": "Red Cards", "home": "", "away": ""}], "cover_status": "NEUTRO", "analysis": "Contra este rival, el resultado para Cerro Porteno Asuncion Reserves sería indeterminado"}}, "simplified_html": ""}