{"match_id": "2889083", "home_team": "Cachanillas FC", "away_team": "Delfines Baja", "final_score": null, "match_date": "2025-10-12", "match_time": "10:00", "match_datetime": "2025-10-12 10:00", "recent_indirect_full": {"last_home": {"home": "Cachanillas FC", "away": "FC CEPROFFA", "score": "0 : 0", "ah": "-", "ou": "-", "stats_rows": [{"label": "Tiros", "home": "<span style=\"color: red;\">10</span>", "away": "<span style=\"color: green; font-weight: bold;\">18</span>"}, {"label": "Tiros a Puerta", "home": "<span style=\"color: red;\">6</span>", "away": "<span style=\"color: green; font-weight: bold;\">8</span>"}, {"label": "Ataques", "home": "<span style=\"color: red;\">31</span>", "away": "<span style=\"color: green; font-weight: bold;\">62</span>"}, {"label": "Ataques Peligrosos", "home": "<span style=\"color: red;\">39</span>", "away": "<span style=\"color: green; font-weight: bold;\">57</span>"}, {"label": "Red Cards", "home": "", "away": ""}], "date": "", "cover_status": "NEUTRO"}, "last_away": null, "h2h_col3": null, "h2h_general": {"home": "Local (H2H Gen)", "away": "Visitante (H2H Gen)", "score": "? : ?", "ah": "-", "ou": "-", "stats_rows": [], "date": null, "cover_status": "NEUTRO"}}, "comparativas_indirectas": {"left": null, "right": null}, "simplified_html": ""}