{"match_id": "2895523", "home_team": "Sporting De Huelva (W)", "away_team": "Madrid CFF (W)", "final_score": null, "match_date": "2025-11-07", "match_time": "02:00", "match_datetime": "2025-11-07 02:00", "recent_indirect_full": {"last_home": {"home": "Sporting De Huelva (W)", "away": "Atleico Malaga (W)", "score": "3 : 0", "ah": "0.75", "ou": "-", "stats_rows": [{"label": "Tiros", "home": "<span style=\"color: green; font-weight: bold;\">13</span>", "away": "<span style=\"color: red;\">1</span>"}, {"label": "Tiros a Puerta", "home": "<span style=\"color: green; font-weight: bold;\">9</span>", "away": "<span style=\"color: red;\">0</span>"}, {"label": "Ataques", "home": "<span style=\"color: green; font-weight: bold;\">123</span>", "away": "<span style=\"color: red;\">85</span>"}, {"label": "Ataques Peligrosos", "home": "<span style=\"color: green; font-weight: bold;\">97</span>", "away": "<span style=\"color: red;\">33</span>"}, {"label": "Red Cards", "home": "", "away": ""}], "date": "01-10-2025", "cover_status": "indeterminado"}, "last_away": null, "h2h_col3": null, "h2h_general": {"home": "Madrid CFF (W)", "away": "Sporting De Huelva (W)", "score": "2 : 1", "ah": "1.75", "ou": "-", "stats_rows": [{"label": "Tiros", "home": "<span style=\"color: green; font-weight: bold;\">18</span>", "away": "<span style=\"color: red;\">7</span>"}, {"label": "Tiros a Puerta", "home": "<span style=\"color: green; font-weight: bold;\">9</span>", "away": "<span style=\"color: red;\">1</span>"}, {"label": "Ataques", "home": "<span style=\"color: green; font-weight: bold;\">142</span>", "away": "<span style=\"color: red;\">107</span>"}, {"label": "Ataques Peligrosos", "home": "<span style=\"color: green; font-weight: bold;\">93</span>", "away": "<span style=\"color: red;\">59</span>"}, {"label": "Red Cards", "home": "", "away": ""}], "date": null, "cover_status": "NO CUBIERTO"}}, "comparativas_indirectas": {"left": null, "right": null}, "simplified_html": "<div class=\"card\"><div class=\"card-body\"><h6 class=\"card-title\">📊 Análisis Mercado vs. H2H</h6>\n            <div class=\"mb-2\">\n                <strong>Precedente (este estadio):</strong>\n                <div>Resultado: <span class=\"score-value\">1:3</span></div>\n                <div>Mov. Línea: <span class=\"ah-value\">-1.25 -> -2.75</span></div>\n                <div>Cobertura AH: <span style='color: red; font-weight: bold;'>NO CUBIERTO</span></div>\n            </div>\n        <hr>\n                <div class=\"mt-2\">\n                    <strong>Precedente (H2H mǭs reciente):</strong>\n                    <div>Resultado: <span class=\"score-value\">2:1</span></div>\n                    <div>Mov. Lnea: <span class=\"ah-value\">1.75 -> -2.75</span></div>\n                    <div>Cobertura AH: <span style='color: red; font-weight: bold;'>NO CUBIERTO</span></div>\n                </div>\n            </div></div>"}