{"match_id": "2895570", "home_team": "Difai Agsu FK", "away_team": "Zaqatala FK", "final_score": null, "match_date": "2025-11-06", "match_time": "18:00", "match_datetime": "2025-11-06 18:00", "recent_indirect_full": {"last_home": {"home": "Difai Agsu FK", "away": "Shahdagh Qusar", "score": "1 : 2", "ah": "0.25", "ou": "-", "stats_rows": [{"label": "Tiros", "home": "<span style=\"color: red;\">11</span>", "away": "<span style=\"color: green; font-weight: bold;\">12</span>"}, {"label": "Tiros a Puerta", "home": "<span style=\"color: green; font-weight: bold;\">6</span>", "away": "<span style=\"color: red;\">5</span>"}, {"label": "Ataques", "home": "<span style=\"color: green; font-weight: bold;\">79</span>", "away": "<span style=\"color: red;\">66</span>"}, {"label": "Ataques Peligrosos", "home": "<span style=\"color: green; font-weight: bold;\">53</span>", "away": "<span style=\"color: red;\">35</span>"}, {"label": "Red Cards", "home": "", "away": ""}], "date": "16-10-2025", "cover_status": "NO CUBIERTO"}, "last_away": {"home": "Sabail", "away": "Zaqatala FK", "score": "1 : 0", "ah": "1.5", "ou": "-", "stats_rows": [{"label": "Tiros", "home": "<span style=\"color: green; font-weight: bold;\">9</span>", "away": "<span style=\"color: red;\">5</span>"}, {"label": "Tiros a Puerta", "home": "<span style=\"color: green; font-weight: bold;\">4</span>", "away": "<span style=\"color: red;\">2</span>"}, {"label": "Ataques", "home": "<span style=\"color: red;\">106</span>", "away": "<span style=\"color: green; font-weight: bold;\">112</span>"}, {"label": "Ataques Peligrosos", "home": "<span style=\"color: green; font-weight: bold;\">86</span>", "away": "<span style=\"color: red;\">68</span>"}, {"label": "Red Cards", "home": "", "away": ""}], "date": "15-10-2025", "cover_status": "indeterminado"}, "h2h_col3": {"home": "Sabail", "away": "Shahdagh Qusar", "score": "2 : 0", "ah": "-", "ou": "-", "stats_rows": [{"label": "Tiros", "home": "<span style=\"color: green; font-weight: bold;\">10</span>", "away": "<span style=\"color: red;\">3</span>"}, {"label": "Tiros a Puerta", "home": "<span style=\"color: green; font-weight: bold;\">4</span>", "away": "<span style=\"color: red;\">1</span>"}, {"label": "Ataques", "home": "<span style=\"color: red;\">72</span>", "away": "<span style=\"color: green; font-weight: bold;\">74</span>"}, {"label": "Ataques Peligrosos", "home": "<span style=\"color: green; font-weight: bold;\">45</span>", "away": "<span style=\"color: red;\">34</span>"}, {"label": "Red Cards", "home": "", "away": ""}], "date": "", "cover_status": "indeterminado", "analysis": null}, "h2h_general": {"home": "Difai Agsu FK", "away": "Zaqatala FK", "score": "1 : 0", "ah": "-", "ou": "-", "stats_rows": [{"label": "Tiros", "home": "<span style=\"color: red;\">6</span>", "away": "<span style=\"color: green; font-weight: bold;\">10</span>"}, {"label": "Tiros a Puerta", "home": "<span style=\"color: red;\">1</span>", "away": "<span style=\"color: green; font-weight: bold;\">4</span>"}, {"label": "Ataques", "home": "<span style=\"color: red;\">97</span>", "away": "<span style=\"color: green; font-weight: bold;\">103</span>"}, {"label": "Ataques Peligrosos", "home": "<span style=\"color: red;\">74</span>", "away": "<span style=\"color: green; font-weight: bold;\">110</span>"}, {"label": "Red Cards", "home": "", "away": ""}], "date": null, "cover_status": "CUBIERTO"}}, "comparativas_indirectas": {"left": {"title_home_name": "Difai Agsu FK", "title_away_name": "Zaqatala FK", "home_team": "Difai Agsu FK", "away_team": "Sabail", "score": "1 : 2", "ah": "-0.75", "ou": "-", "localia": "H", "stats_rows": [{"label": "Tiros", "home": "<span style=\"color: red;\">2</span>", "away": "<span style=\"color: green; font-weight: bold;\">14</span>"}, {"label": "Tiros a Puerta", "home": "<span style=\"color: red;\">1</span>", "away": "<span style=\"color: green; font-weight: bold;\">7</span>"}, {"label": "Ataques", "home": "<span style=\"color: red;\">69</span>", "away": "<span style=\"color: green; font-weight: bold;\">89</span>"}, {"label": "Ataques Peligrosos", "home": "<span style=\"color: red;\">14</span>", "away": "<span style=\"color: green; font-weight: bold;\">49</span>"}, {"label": "Red Cards", "home": "", "away": ""}], "cover_status": "NO CUBIERTO", "analysis": "Contra este rival, Difai Agsu FK no habría cubierto el handicap"}, "right": null}, "simplified_html": "<div class=\"card\"><div class=\"card-body\"><h6 class=\"card-title\">📊 Análisis Mercado vs. H2H</h6>\n            <div class=\"mb-2\">\n                <strong>Precedente (este estadio):</strong>\n                <div>Resultado: <span class=\"score-value\">1:0</span></div>\n                <div>Mov. Línea: <span class=\"ah-value\">Sin dato -> 0.25</span></div>\n                <div>Cobertura AH: <span style='color: green; font-weight: bold;'>CUBIERTO</span></div>\n            </div>\n        \n                <div class=\"mt-2\">\n                    <strong>Precedente (H2H mǭs reciente):</strong>\n                    <div>Resultado: <span class=\"score-value\">1:0</span></div>\n                    <div>Mov. Lnea: <span class=\"ah-value\">Sin dato -> 0.25</span></div>\n                    <div>Cobertura AH: <span style='color: green; font-weight: bold;'>CUBIERTO</span></div>\n                </div>\n            </div></div>"}