{"match_id": "2897409", "home_team": "UST Growling Tigers", "away_team": "UE Red Warriors", "final_score": null, "match_date": "2025-11-06", "match_time": "14:00", "match_datetime": "2025-11-06 14:00", "recent_indirect_full": {"last_home": {"home": "UST Growling Tigers", "away": "UP Fighting Maroons", "score": "1 : 2", "ah": "-1.5", "ou": "-", "stats_rows": [{"label": "Tiros", "home": "11", "away": "11"}, {"label": "Tiros a Puerta", "home": "5", "away": "5"}, {"label": "Ataques", "home": "70", "away": "70"}, {"label": "Ataques Peligrosos", "home": "57", "away": "57"}, {"label": "Red Cards", "home": "", "away": ""}], "date": "16-10-2025", "cover_status": "NO CUBIERTO"}, "last_away": {"home": "Adamson Falcons", "away": "UE Red Warriors", "score": "2 : 3", "ah": "0.5", "ou": "-", "stats_rows": [{"label": "Tiros", "home": "<span style=\"color: green; font-weight: bold;\">9</span>", "away": "<span style=\"color: red;\">5</span>"}, {"label": "Tiros a Puerta", "home": "4", "away": "4"}, {"label": "Ataques", "home": "<span style=\"color: green; font-weight: bold;\">123</span>", "away": "<span style=\"color: red;\">104</span>"}, {"label": "Ataques Peligrosos", "home": "<span style=\"color: green; font-weight: bold;\">84</span>", "away": "<span style=\"color: red;\">58</span>"}, {"label": "Red Cards", "home": "", "away": ""}], "date": "05-03-2020", "cover_status": "indeterminado"}, "h2h_col3": {"home": "Adamson Falcons", "away": "UP Fighting Maroons", "score": "0 : 1", "ah": "-", "ou": "-", "stats_rows": [{"label": "Tiros", "home": "<span style=\"color: red;\">9</span>", "away": "<span style=\"color: green; font-weight: bold;\">23</span>"}, {"label": "Tiros a Puerta", "home": "<span style=\"color: red;\">4</span>", "away": "<span style=\"color: green; font-weight: bold;\">8</span>"}, {"label": "Ataques", "home": "<span style=\"color: red;\">73</span>", "away": "<span style=\"color: green; font-weight: bold;\">99</span>"}, {"label": "Ataques Peligrosos", "home": "<span style=\"color: red;\">52</span>", "away": "<span style=\"color: green; font-weight: bold;\">69</span>"}, {"label": "Red Cards", "home": "", "away": ""}], "date": "", "cover_status": "indeterminado", "analysis": null}, "h2h_general": {"home": "UE Red Warriors", "away": "UST Growling Tigers", "score": "1 : 2", "ah": "-0.75", "ou": "-", "stats_rows": [{"label": "Tiros", "home": "<span style=\"color: red;\">14</span>", "away": "<span style=\"color: green; font-weight: bold;\">16</span>"}, {"label": "Tiros a Puerta", "home": "<span style=\"color: red;\">6</span>", "away": "<span style=\"color: green; font-weight: bold;\">8</span>"}, {"label": "Ataques", "home": "<span style=\"color: green; font-weight: bold;\">112</span>", "away": "<span style=\"color: red;\">109</span>"}, {"label": "Ataques Peligrosos", "home": "<span style=\"color: red;\">64</span>", "away": "<span style=\"color: green; font-weight: bold;\">101</span>"}, {"label": "Red Cards", "home": "", "away": ""}], "date": null, "cover_status": "PUSH"}}, "comparativas_indirectas": {"left": {"title_home_name": "UST Growling Tigers", "title_away_name": "UE Red Warriors", "home_team": "UST Growling Tigers", "away_team": "Adamson Falcons", "score": "0 : 1", "ah": "1", "ou": "-", "localia": "H", "stats_rows": [{"label": "Tiros", "home": "<span style=\"color: red;\">7</span>", "away": "<span style=\"color: green; font-weight: bold;\">10</span>"}, {"label": "Tiros a Puerta", "home": "<span style=\"color: red;\">2</span>", "away": "<span style=\"color: green; font-weight: bold;\">3</span>"}, {"label": "Ataques", "home": "<span style=\"color: green; font-weight: bold;\">122</span>", "away": "<span style=\"color: red;\">120</span>"}, {"label": "Ataques Peligrosos", "home": "<span style=\"color: green; font-weight: bold;\">96</span>", "away": "<span style=\"color: red;\">71</span>"}, {"label": "Red Cards", "home": "", "away": ""}], "cover_status": "NO CUBIERTO", "analysis": "Contra este rival, UST Growling Tigers no habría cubierto el handicap"}, "right": {"title_home_name": "UST Growling Tigers", "title_away_name": "UE Red Warriors", "home_team": "UP Fighting Maroons", "away_team": "UE Red Warriors", "score": "3 : 0", "ah": "1.25", "ou": "-", "localia": "A", "stats_rows": [{"label": "Tiros", "home": "<span style=\"color: green; font-weight: bold;\">13</span>", "away": "<span style=\"color: red;\">8</span>"}, {"label": "Tiros a Puerta", "home": "<span style=\"color: green; font-weight: bold;\">7</span>", "away": "<span style=\"color: red;\">4</span>"}, {"label": "Ataques", "home": "<span style=\"color: green; font-weight: bold;\">122</span>", "away": "<span style=\"color: red;\">107</span>"}, {"label": "Ataques Peligrosos", "home": "<span style=\"color: green; font-weight: bold;\">92</span>", "away": "<span style=\"color: red;\">50</span>"}, {"label": "Red Cards", "home": "", "away": ""}], "cover_status": "indeterminado", "analysis": "Contra este rival, el resultado para UE Red Warriors sería indeterminado"}}, "simplified_html": "<div class=\"card\"><div class=\"card-body\"><h6 class=\"card-title\">📊 Análisis Mercado vs. H2H</h6>\n            <div class=\"mb-2\">\n                <strong>Precedente (este estadio):</strong>\n                <div>Resultado: <span class=\"score-value\">3:2</span></div>\n                <div>Mov. Línea: <span class=\"ah-value\">0.25 -> 1</span></div>\n                <div>Cobertura AH: <span style='color: #6c757d; font-weight: bold;'>PUSH</span></div>\n            </div>\n        <hr>\n                <div class=\"mt-2\">\n                    <strong>Precedente (H2H mǭs reciente):</strong>\n                    <div>Resultado: <span class=\"score-value\">1:2</span></div>\n                    <div>Mov. Lnea: <span class=\"ah-value\">-0.75 -> 1</span></div>\n                    <div>Cobertura AH: <span style='color: #6c757d; font-weight: bold;'>PUSH</span></div>\n                </div>\n            </div></div>"}