{"match_id": "2897160", "home_team": "Purwakarta", "away_team": "Persipu FC", "final_score": null, "match_date": "2025-11-06", "match_time": "14:00", "match_datetime": "2025-11-06 14:00", "recent_indirect_full": {"last_home": {"home": "Purwakarta", "away": "Bandung United", "score": "1 : 0", "ah": "-", "ou": "-", "stats_rows": [{"label": "Tiros", "home": "<span style=\"color: green; font-weight: bold;\">13</span>", "away": "<span style=\"color: red;\">11</span>"}, {"label": "Tiros a Puerta", "home": "<span style=\"color: red;\">4</span>", "away": "<span style=\"color: green; font-weight: bold;\">6</span>"}, {"label": "Ataques", "home": "<span style=\"color: red;\">91</span>", "away": "<span style=\"color: green; font-weight: bold;\">97</span>"}, {"label": "Ataques Peligrosos", "home": "<span style=\"color: red;\">73</span>", "away": "<span style=\"color: green; font-weight: bold;\">114</span>"}, {"label": "Red Cards", "home": "", "away": ""}], "date": "12-12-2023", "cover_status": "indeterminado"}, "last_away": {"home": "PS BRT Subang", "away": "Persipu FC", "score": "3 : 1", "ah": "1.25", "ou": "-", "stats_rows": [{"label": "Tiros", "home": "<span style=\"color: green; font-weight: bold;\">12</span>", "away": "<span style=\"color: red;\">5</span>"}, {"label": "Tiros a Puerta", "home": "<span style=\"color: green; font-weight: bold;\">6</span>", "away": "<span style=\"color: red;\">2</span>"}, {"label": "Ataques", "home": "<span style=\"color: red;\">90</span>", "away": "<span style=\"color: green; font-weight: bold;\">99</span>"}, {"label": "Ataques Peligrosos", "home": "<span style=\"color: green; font-weight: bold;\">104</span>", "away": "<span style=\"color: red;\">62</span>"}, {"label": "Red Cards", "home": "", "away": ""}], "date": "26-12-2023", "cover_status": "NO CUBIERTO"}, "h2h_col3": null, "h2h_general": {"home": "Local (H2H Gen)", "away": "Visitante (H2H Gen)", "score": "? : ?", "ah": "-", "ou": "-", "stats_rows": [], "date": null, "cover_status": "NEUTRO"}}, "comparativas_indirectas": {"left": null, "right": {"title_home_name": "Purwakarta", "title_away_name": "Persipu FC", "home_team": "Persipu FC", "away_team": "Bandung United", "score": "0 : 0", "ah": "0.75", "ou": "-", "localia": "H", "stats_rows": [{"label": "Tiros", "home": "<span style=\"color: red;\">8</span>", "away": "<span style=\"color: green; font-weight: bold;\">10</span>"}, {"label": "Tiros a Puerta", "home": "3", "away": "3"}, {"label": "Ataques", "home": "<span style=\"color: green; font-weight: bold;\">99</span>", "away": "<span style=\"color: red;\">90</span>"}, {"label": "Ataques Peligrosos", "home": "<span style=\"color: red;\">67</span>", "away": "<span style=\"color: green; font-weight: bold;\">82</span>"}, {"label": "Red Cards", "home": "", "away": ""}], "cover_status": "NO CUBIERTO", "analysis": "Contra este rival, Persipu FC no habría cubierto el handicap"}}, "simplified_html": "<div class=\"card\"><div class=\"card-body\"><h6 class=\"card-title\">📊 Análisis Mercado vs. H2H</h6><p>No hay precedente H2H en este estadio.</p></div></div>"}