{"match_id": "2897143", "home_team": "FC Aserri", "away_team": "Futbol Consultants Moravia", "final_score": null, "match_date": "2025-11-06", "match_time": "10:00", "match_datetime": "2025-11-06 10:00", "recent_indirect_full": {"last_home": {"home": "FC Aserri", "away": "Santa Ana", "score": "1 : 3", "ah": "0", "ou": "-", "stats_rows": [{"label": "Tiros", "home": "<span style=\"color: green; font-weight: bold;\">12</span>", "away": "<span style=\"color: red;\">8</span>"}, {"label": "Tiros a Puerta", "home": "<span style=\"color: red;\">4</span>", "away": "<span style=\"color: green; font-weight: bold;\">6</span>"}, {"label": "Ataques", "home": "<span style=\"color: red;\">69</span>", "away": "<span style=\"color: green; font-weight: bold;\">71</span>"}, {"label": "Ataques Peligrosos", "home": "<span style=\"color: green; font-weight: bold;\">59</span>", "away": "<span style=\"color: red;\">41</span>"}, {"label": "Red Cards", "home": "", "away": ""}], "date": "30-10-2025", "cover_status": "NO CUBIERTO"}, "last_away": {"home": "Escorpiones Belen", "away": "Futbol Consultants Moravia", "score": "2 : 2", "ah": "0.75", "ou": "-", "stats_rows": [{"label": "Tiros", "home": "<span style=\"color: green; font-weight: bold;\">2</span>", "away": "<span style=\"color: red;\">1</span>"}, {"label": "Tiros a Puerta", "home": "<span style=\"color: green; font-weight: bold;\">2</span>", "away": "<span style=\"color: red;\">1</span>"}, {"label": "Red Cards", "home": "", "away": ""}], "date": "02-11-2025", "cover_status": "PUSH"}, "h2h_col3": {"home": "Santa Ana", "away": "Escorpiones Belen", "score": "1 : 3", "ah": "-", "ou": "-", "stats_rows": [{"label": "Tiros", "home": "<span style=\"color: red;\">9</span>", "away": "<span style=\"color: green; font-weight: bold;\">12</span>"}, {"label": "Tiros a Puerta", "home": "<span style=\"color: red;\">2</span>", "away": "<span style=\"color: green; font-weight: bold;\">4</span>"}, {"label": "Ataques", "home": "<span style=\"color: green; font-weight: bold;\">91</span>", "away": "<span style=\"color: red;\">80</span>"}, {"label": "Ataques Peligrosos", "home": "<span style=\"color: green; font-weight: bold;\">42</span>", "away": "<span style=\"color: red;\">38</span>"}, {"label": "Red Cards", "home": "", "away": ""}], "date": "", "cover_status": "CUBIERTO", "analysis": null}, "h2h_general": {"home": "Futbol Consultants Moravia", "away": "FC Aserri", "score": "2 : 1", "ah": "0.75", "ou": "-", "stats_rows": [{"label": "Tiros", "home": "<span style=\"color: red;\">8</span>", "away": "<span style=\"color: green; font-weight: bold;\">23</span>"}, {"label": "Tiros a Puerta", "home": "<span style=\"color: red;\">4</span>", "away": "<span style=\"color: green; font-weight: bold;\">9</span>"}, {"label": "Ataques", "home": "<span style=\"color: red;\">106</span>", "away": "<span style=\"color: green; font-weight: bold;\">112</span>"}, {"label": "Ataques Peligrosos", "home": "<span style=\"color: red;\">57</span>", "away": "<span style=\"color: green; font-weight: bold;\">68</span>"}, {"label": "Red Cards", "home": "", "away": ""}], "date": null, "cover_status": "NO CUBIERTO"}}, "comparativas_indirectas": {"left": {"title_home_name": "FC Aserri", "title_away_name": "Futbol Consultants Moravia", "home_team": "Escorpiones Belen", "away_team": "FC Aserri", "score": "3 : 1", "ah": "0.75", "ou": "-", "localia": "A", "stats_rows": [{"label": "Tiros", "home": "<span style=\"color: green; font-weight: bold;\">17</span>", "away": "<span style=\"color: red;\">11</span>"}, {"label": "Tiros a Puerta", "home": "<span style=\"color: green; font-weight: bold;\">11</span>", "away": "<span style=\"color: red;\">4</span>"}, {"label": "Ataques", "home": "<span style=\"color: green; font-weight: bold;\">106</span>", "away": "<span style=\"color: red;\">83</span>"}, {"label": "Ataques Peligrosos", "home": "<span style=\"color: green; font-weight: bold;\">102</span>", "away": "<span style=\"color: red;\">65</span>"}, {"label": "Red Cards", "home": "", "away": ""}], "cover_status": "NO CUBIERTO", "analysis": "Contra este rival, FC Aserri no habría cubierto el handicap"}, "right": {"title_home_name": "FC Aserri", "title_away_name": "Futbol Consultants Moravia", "home_team": "Santa Ana", "away_team": "Futbol Consultants Moravia", "score": "0 : 2", "ah": "0.5", "ou": "-", "localia": "A", "stats_rows": [{"label": "Tiros", "home": "<span style=\"color: red;\">15</span>", "away": "<span style=\"color: green; font-weight: bold;\">19</span>"}, {"label": "Tiros a Puerta", "home": "<span style=\"color: red;\">4</span>", "away": "<span style=\"color: green; font-weight: bold;\">7</span>"}, {"label": "Ataques", "home": "<span style=\"color: red;\">103</span>", "away": "<span style=\"color: green; font-weight: bold;\">143</span>"}, {"label": "Ataques Peligrosos", "home": "<span style=\"color: green; font-weight: bold;\">78</span>", "away": "<span style=\"color: red;\">76</span>"}, {"label": "Red Cards", "home": "<span style=\"color: green; font-weight: bold;\">1</span>", "away": "<span style=\"color: red;\">0</span>"}], "cover_status": "CUBIERTO", "analysis": "Contra este rival, Futbol Consultants Moravia habría cubierto el handicap"}}, "simplified_html": "<div class=\"card\"><div class=\"card-body\"><h6 class=\"card-title\">📊 Análisis Mercado vs. H2H</h6>\n            <div class=\"mb-2\">\n                <strong>Precedente (este estadio):</strong>\n                <div>Resultado: <span class=\"score-value\">0:1</span></div>\n                <div>Mov. Línea: <span class=\"ah-value\">0 -> 0</span></div>\n                <div>Cobertura AH: <span style='color: red; font-weight: bold;'>NO CUBIERTO</span></div>\n            </div>\n        <hr>\n                <div class=\"mt-2\">\n                    <strong>Precedente (H2H mǭs reciente):</strong>\n                    <div>Resultado: <span class=\"score-value\">2:1</span></div>\n                    <div>Mov. Lnea: <span class=\"ah-value\">0.75 -> 0</span></div>\n                    <div>Cobertura AH: <span style='color: red; font-weight: bold;'>NO CUBIERTO</span></div>\n                </div>\n            </div></div>"}